-- phpMyAdmin SQL Dump
-- version 5.2.1
-- https://www.phpmyadmin.net/
--
-- Host: 127.0.0.1
-- Generation Time: Sep 29, 2024 at 09:43 PM
-- Server version: 10.4.32-MariaDB
-- PHP Version: 8.2.12

SET SQL_MODE = "NO_AUTO_VALUE_ON_ZERO";
START TRANSACTION;
SET time_zone = "+00:00";


/*!40101 SET @OLD_CHARACTER_SET_CLIENT=@@CHARACTER_SET_CLIENT */;
/*!40101 SET @OLD_CHARACTER_SET_RESULTS=@@CHARACTER_SET_RESULTS */;
/*!40101 SET @OLD_COLLATION_CONNECTION=@@COLLATION_CONNECTION */;
/*!40101 SET NAMES utf8mb4 */;

--
-- Database: `hms`
--

-- --------------------------------------------------------

--
-- Table structure for table `appointment`
--

CREATE TABLE `appointment` (
  `Appoint_ID` int(11) NOT NULL,
  `Scheduled_On` date NOT NULL,
  `Date` date NOT NULL,
  `Time` time NOT NULL,
  `Doctor_ID` int(11) NOT NULL,
  `Patient_ID` int(11) NOT NULL
) ENGINE=InnoDB DEFAULT CHARSET=latin1 COLLATE=latin1_swedish_ci;

--
-- Dumping data for table `appointment`
--

INSERT INTO `appointment` (`Appoint_ID`, `Scheduled_On`, `Date`, `Time`, `Doctor_ID`, `Patient_ID`) VALUES
(18, '2024-09-28', '2024-09-28', '08:30:00', 76, 30),
(19, '2024-09-28', '2024-09-28', '08:00:00', 76, 31),
(20, '2024-09-28', '2024-09-28', '07:30:00', 77, 31);

-- --------------------------------------------------------

--
-- Table structure for table `bill`
--

CREATE TABLE `bill` (
  `Bill_ID` int(11) NOT NULL,
  `Date_Issued` date DEFAULT NULL,
  `Description` varchar(255) DEFAULT NULL,
  `Amount` decimal(10,2) DEFAULT NULL,
  `Payment_Status` varchar(20) DEFAULT NULL,
  `Patient_ID` int(11) DEFAULT NULL
) ENGINE=InnoDB DEFAULT CHARSET=latin1 COLLATE=latin1_swedish_ci;

--
-- Dumping data for table `bill`
--

INSERT INTO `bill` (`Bill_ID`, `Date_Issued`, `Description`, `Amount`, `Payment_Status`, `Patient_ID`) VALUES
(45, '2024-09-29', 'Pagesa per Kontroll', 88.00, 'Pending', 31),
(46, '2024-09-29', 'Pagesa per Kontroll', 72.00, 'Pending', 30);

-- --------------------------------------------------------

--
-- Table structure for table `department`
--

CREATE TABLE `department` (
  `Dept_ID` int(11) NOT NULL,
  `Dept_head` varchar(100) DEFAULT NULL,
  `Dept_name` varchar(100) NOT NULL,
  `Emp_Count` int(11) DEFAULT NULL
) ENGINE=InnoDB DEFAULT CHARSET=utf8mb4 COLLATE=utf8mb4_general_ci;

--
-- Dumping data for table `department`
--

INSERT INTO `department` (`Dept_ID`, `Dept_head`, `Dept_name`, `Emp_Count`) VALUES
(30, 'Ubt', 'Shkenca Kompjuterike', 11);

-- --------------------------------------------------------

--
-- Table structure for table `doctor`
--

CREATE TABLE `doctor` (
  `Doctor_ID` int(11) NOT NULL,
  `Qualifications` varchar(255) NOT NULL,
  `Emp_ID` int(11) NOT NULL,
  `Specialization` varchar(100) DEFAULT NULL
) ENGINE=InnoDB DEFAULT CHARSET=utf8mb4 COLLATE=utf8mb4_general_ci;

--
-- Dumping data for table `doctor`
--

INSERT INTO `doctor` (`Doctor_ID`, `Qualifications`, `Emp_ID`, `Specialization`) VALUES
(76, 'Master\'s Degree', 101, 'Neurology'),
(77, 'Master\'s Degree', 102, 'Dermatology');

-- --------------------------------------------------------

--
-- Table structure for table `emergency_contact`
--

CREATE TABLE `emergency_contact` (
  `Contact_ID` int(11) NOT NULL,
  `Contact_Name` varchar(100) NOT NULL,
  `Phone` varchar(20) NOT NULL,
  `Relation` varchar(50) NOT NULL,
  `Patient_ID` int(11) NOT NULL
) ENGINE=InnoDB DEFAULT CHARSET=utf8mb4 COLLATE=utf8mb4_general_ci;

--
-- Dumping data for table `emergency_contact`
--

INSERT INTO `emergency_contact` (`Contact_ID`, `Contact_Name`, `Phone`, `Relation`, `Patient_ID`) VALUES
(39, 'Filan', '989898221', 'Mother', 30),
(40, 'lind', '122122122', 'Sister', 31),
(41, 'Mergim', '989898921', 'Mother', 30),
(42, 'test', '899898899', 'Close Family Member', 30);

-- --------------------------------------------------------

--
-- Table structure for table `insurance`
--

CREATE TABLE `insurance` (
  `Policy_Number` int(11) NOT NULL,
  `Patient_ID` int(11) NOT NULL,
  `Ins_Code` varchar(10) NOT NULL,
  `End_Date` date NOT NULL,
  `Provider` varchar(100) NOT NULL,
  `Dental` varchar(100) NOT NULL
) ENGINE=InnoDB DEFAULT CHARSET=utf8mb4 COLLATE=utf8mb4_general_ci;

--
-- Dumping data for table `insurance`
--

INSERT INTO `insurance` (`Policy_Number`, `Patient_ID`, `Ins_Code`, `End_Date`, `Provider`, `Dental`) VALUES
(84, 30, '9122988', '2024-10-05', 'No', 'No'),
(85, 31, '1234563', '2024-10-05', 'Yes', 'No'),
(86, 30, '9898988', '2024-10-05', 'Yes', 'No');

-- --------------------------------------------------------

--
-- Table structure for table `medical_history`
--

CREATE TABLE `medical_history` (
  `Record_ID` int(11) NOT NULL,
  `Patient_ID` int(11) NOT NULL,
  `Allergies` varchar(255) DEFAULT NULL,
  `Pre_Conditions` varchar(255) DEFAULT NULL
) ENGINE=InnoDB DEFAULT CHARSET=utf8mb4 COLLATE=utf8mb4_general_ci;

--
-- Dumping data for table `medical_history`
--

INSERT INTO `medical_history` (`Record_ID`, `Patient_ID`, `Allergies`, `Pre_Conditions`) VALUES
(11, 30, 'Yes', 'Yes'),
(12, 31, 'No', 'No');

-- --------------------------------------------------------

--
-- Table structure for table `medicine`
--

CREATE TABLE `medicine` (
  `Medicine_ID` int(11) NOT NULL,
  `M_name` varchar(100) NOT NULL,
  `M_Quantity` int(11) NOT NULL,
  `M_Cost` decimal(10,2) NOT NULL,
  `Patient_ID` int(11) DEFAULT NULL
) ENGINE=InnoDB DEFAULT CHARSET=utf8mb4 COLLATE=utf8mb4_general_ci;

--
-- Dumping data for table `medicine`
--

INSERT INTO `medicine` (`Medicine_ID`, `M_name`, `M_Quantity`, `M_Cost`, `Patient_ID`) VALUES
(53, 'Acetaminophen', 3, 12.00, 30),
(55, 'Lisinopril', 3, 18.00, 31);

-- --------------------------------------------------------

--
-- Table structure for table `patient`
--

CREATE TABLE `patient` (
  `Patient_ID` int(11) NOT NULL,
  `Personal_Number` int(11) NOT NULL,
  `Patient_Fname` varchar(50) NOT NULL,
  `Patient_Lname` varchar(50) NOT NULL,
  `Birth_Date` date DEFAULT NULL,
  `Gender` varchar(10) DEFAULT NULL,
  `Blood_type` varchar(10) DEFAULT NULL,
  `Email` varchar(100) DEFAULT NULL,
  `Phone` varchar(20) DEFAULT NULL
) ENGINE=InnoDB DEFAULT CHARSET=utf8mb4 COLLATE=utf8mb4_general_ci;

--
-- Dumping data for table `patient`
--

INSERT INTO `patient` (`Patient_ID`, `Personal_Number`, `Patient_Fname`, `Patient_Lname`, `Birth_Date`, `Gender`, `Blood_type`, `Email`, `Phone`) VALUES
(30, 1172722835, 'Lind', 'Geci', '2004-03-18', 'Male', 'A-', 'lirgeci1@gmail.com', '049438421'),
(31, 1234567890, 'Habibe', 'Muharremi', '1967-12-12', 'Other', 'A-', 'habibe@gmail.com', '044444471');

-- --------------------------------------------------------

--
-- Table structure for table `payroll`
--

CREATE TABLE `payroll` (
  `Account_no` int(11) NOT NULL,
  `Salary` decimal(10,2) NOT NULL,
  `Bonus` decimal(10,2) DEFAULT NULL,
  `Emp_ID` int(11) NOT NULL,
  `IBAN` varchar(50) DEFAULT NULL
) ENGINE=InnoDB DEFAULT CHARSET=utf8mb4 COLLATE=utf8mb4_general_ci;

-- --------------------------------------------------------

--
-- Table structure for table `rating`
--

CREATE TABLE `rating` (
  `Rating_ID` int(11) NOT NULL,
  `Emp_ID` int(11) NOT NULL,
  `Rating` tinyint(4) NOT NULL,
  `Comments` text DEFAULT NULL,
  `Date` date NOT NULL
) ENGINE=InnoDB DEFAULT CHARSET=utf8mb4 COLLATE=utf8mb4_general_ci;

--
-- Dumping data for table `rating`
--

INSERT INTO `rating` (`Rating_ID`, `Emp_ID`, `Rating`, `Comments`, `Date`) VALUES
(29, 101, 2, 'Test', '2024-09-29');

-- --------------------------------------------------------

--
-- Table structure for table `reports`
--

CREATE TABLE `reports` (
  `Report_ID` int(11) NOT NULL,
  `personal_number` int(11) NOT NULL,
  `report` longblob NOT NULL,
  `created_at` timestamp NULL DEFAULT current_timestamp(),
  `Patient_ID` int(11) NOT NULL
) ENGINE=InnoDB DEFAULT CHARSET=latin1 COLLATE=latin1_swedish_ci;

--
-- Dumping data for table `reports`
--

INSERT INTO `reports` (`Report_ID`, `personal_number`, `report`, `created_at`, `Patient_ID`) VALUES
(87, 1172722835, 0x255044462d312e340a312030206f626a0a3c3c0a2f5469746c652028feff290a2f43726561746f722028feff290a2f50726f64756365722028feff0051007400200035002e0035002e0031290a2f4372656174696f6e446174652028443a3230323430393239313933363139290a3e3e0a656e646f626a0a322030206f626a0a3c3c0a2f54797065202f436174616c6f670a2f50616765732033203020520a3e3e0a656e646f626a0a342030206f626a0a3c3c0a2f54797065202f4578744753746174650a2f534120747275650a2f534d20302e30320a2f636120312e300a2f434120312e300a2f4149532066616c73650a2f534d61736b202f4e6f6e653e3e0a656e646f626a0a352030206f626a0a5b2f5061747465726e202f4465766963655247425d0a656e646f626a0a372030206f626a0a3c3c0a2f636120302e313439303139363037200a2f43412031200a3e3e0a656e646f626a0a382030206f626a0a3c3c0a2f54797065202f584f626a6563740a2f53756274797065202f496d6167650a2f576964746820310a2f4865696768742032300a2f42697473506572436f6d706f6e656e7420380a2f436f6c6f725370616365202f446576696365477261790a2f4c656e6774682039203020520a2f46696c746572202f466c6174654465636f64650a3e3e0a73747265616d0a789c636064646261e5e0e6131491909653505256555503000967017a656e6473747265616d0a656e646f626a0a392030206f626a0a32380a656e646f626a0a31302030206f626a0a3c3c0a2f54797065202f584f626a6563740a2f53756274797065202f496d6167650a2f576964746820310a2f4865696768742032300a2f42697473506572436f6d706f6e656e7420380a2f436f6c6f725370616365202f4465766963655247420a2f534d61736b2038203020520a2f4c656e677468203131203020520a2f46696c746572202f4443544465636f64650a3e3e0a73747265616d0affd8ffe000104a46494600010101006000600000ffdb0043000201010201010202020202020202030503030303030604040305070607070706070708090b0908080a0807070a0d0a0a0b0c0c0c0c07090e0f0d0c0e0b0c0c0cffdb004301020202030303060303060c0807080c0c0c0c0c0c0c0c0c0c0c0c0c0c0c0c0c0c0c0c0c0c0c0c0c0c0c0c0c0c0c0c0c0c0c0c0c0c0c0c0c0c0c0c0c0c0c0c0c0cffc00011080014000103012200021101031101ffc4001f0000010501010101010100000000000000000102030405060708090a0bffc400b5100002010303020403050504040000017d01020300041105122131410613516107227114328191a1082342b1c11552d1f02433627282090a161718191a25262728292a3435363738393a434445464748494a535455565758595a636465666768696a737475767778797a838485868788898a92939495969798999aa2a3a4a5a6a7a8a9aab2b3b4b5b6b7b8b9bac2c3c4c5c6c7c8c9cad2d3d4d5d6d7d8d9dae1e2e3e4e5e6e7e8e9eaf1f2f3f4f5f6f7f8f9faffc4001f0100030101010101010101010000000000000102030405060708090a0bffc400b51100020102040403040705040400010277000102031104052131061241510761711322328108144291a1b1c109233352f0156272d10a162434e125f11718191a262728292a35363738393a434445464748494a535455565758595a636465666768696a737475767778797a82838485868788898a92939495969798999aa2a3a4a5a6a7a8a9aab2b3b4b5b6b7b8b9bac2c3c4c5c6c7c8c9cad2d3d4d5d6d7d8d9dae2e3e4e5e6e7e8e9eaf2f3f4f5f6f7f8f9faffda000c03010002110311003f00fe7fe8a28a0028a28a00ffd9656e6473747265616d0a656e646f626a0a31312030206f626a0a3633350a656e646f626a0a31322030206f626a0a3c3c0a2f54797065202f584f626a6563740a2f53756274797065202f496d6167650a2f576964746820310a2f4865696768742032300a2f42697473506572436f6d706f6e656e7420380a2f436f6c6f725370616365202f446576696365477261790a2f4c656e677468203133203020520a2f46696c746572202f466c6174654465636f64650a3e3e0a73747265616d0a789c5353555556529093961011e4e3e6606561626464000015ae017a656e6473747265616d0a656e646f626a0a31332030206f626a0a32380a656e646f626a0a31342030206f626a0a3c3c0a2f54797065202f584f626a6563740a2f53756274797065202f496d6167650a2f576964746820310a2f4865696768742032300a2f42697473506572436f6d706f6e656e7420380a2f436f6c6f725370616365202f4465766963655247420a2f534d61736b203132203020520a2f4c656e677468203135203020520a2f46696c746572202f4443544465636f64650a3e3e0a73747265616d0affd8ffe000104a46494600010101006000600000ffdb0043000201010201010202020202020202030503030303030604040305070607070706070708090b0908080a0807070a0d0a0a0b0c0c0c0c07090e0f0d0c0e0b0c0c0cffdb004301020202030303060303060c0807080c0c0c0c0c0c0c0c0c0c0c0c0c0c0c0c0c0c0c0c0c0c0c0c0c0c0c0c0c0c0c0c0c0c0c0c0c0c0c0c0c0c0c0c0c0c0c0c0c0cffc00011080014000103012200021101031101ffc4001f0000010501010101010100000000000000000102030405060708090a0bffc400b5100002010303020403050504040000017d01020300041105122131410613516107227114328191a1082342b1c11552d1f02433627282090a161718191a25262728292a3435363738393a434445464748494a535455565758595a636465666768696a737475767778797a838485868788898a92939495969798999aa2a3a4a5a6a7a8a9aab2b3b4b5b6b7b8b9bac2c3c4c5c6c7c8c9cad2d3d4d5d6d7d8d9dae1e2e3e4e5e6e7e8e9eaf1f2f3f4f5f6f7f8f9faffc4001f0100030101010101010101010000000000000102030405060708090a0bffc400b51100020102040403040705040400010277000102031104052131061241510761711322328108144291a1b1c109233352f0156272d10a162434e125f11718191a262728292a35363738393a434445464748494a535455565758595a636465666768696a737475767778797a82838485868788898a92939495969798999aa2a3a4a5a6a7a8a9aab2b3b4b5b6b7b8b9bac2c3c4c5c6c7c8c9cad2d3d4d5d6d7d8d9dae2e3e4e5e6e7e8e9eaf2f3f4f5f6f7f8f9faffda000c03010002110311003f00fe7fe8a28a0028a28a00ffd9656e6473747265616d0a656e646f626a0a31352030206f626a0a3633350a656e646f626a0a31362030206f626a0a3c3c0a2f54797065202f584f626a6563740a2f53756274797065202f496d6167650a2f57696474682032300a2f48656967687420310a2f42697473506572436f6d706f6e656e7420380a2f436f6c6f725370616365202f446576696365477261790a2f4c656e677468203137203020520a2f46696c746572202f466c6174654465636f64650a3e3e0a73747265616d0a789c636060646266e5e0e21314919096535052565555030009370177656e6473747265616d0a656e646f626a0a31372030206f626a0a32380a656e646f626a0a31382030206f626a0a3c3c0a2f54797065202f584f626a6563740a2f53756274797065202f496d6167650a2f57696474682032300a2f48656967687420310a2f42697473506572436f6d706f6e656e7420380a2f436f6c6f725370616365202f4465766963655247420a2f534d61736b203136203020520a2f4c656e677468203139203020520a2f46696c746572202f4443544465636f64650a3e3e0a73747265616d0affd8ffe000104a46494600010101006000600000ffdb0043000201010201010202020202020202030503030303030604040305070607070706070708090b0908080a0807070a0d0a0a0b0c0c0c0c07090e0f0d0c0e0b0c0c0cffdb004301020202030303060303060c0807080c0c0c0c0c0c0c0c0c0c0c0c0c0c0c0c0c0c0c0c0c0c0c0c0c0c0c0c0c0c0c0c0c0c0c0c0c0c0c0c0c0c0c0c0c0c0c0c0c0cffc00011080001001403012200021101031101ffc4001f0000010501010101010100000000000000000102030405060708090a0bffc400b5100002010303020403050504040000017d01020300041105122131410613516107227114328191a1082342b1c11552d1f02433627282090a161718191a25262728292a3435363738393a434445464748494a535455565758595a636465666768696a737475767778797a838485868788898a92939495969798999aa2a3a4a5a6a7a8a9aab2b3b4b5b6b7b8b9bac2c3c4c5c6c7c8c9cad2d3d4d5d6d7d8d9dae1e2e3e4e5e6e7e8e9eaf1f2f3f4f5f6f7f8f9faffc4001f0100030101010101010101010000000000000102030405060708090a0bffc400b51100020102040403040705040400010277000102031104052131061241510761711322328108144291a1b1c109233352f0156272d10a162434e125f11718191a262728292a35363738393a434445464748494a535455565758595a636465666768696a737475767778797a82838485868788898a92939495969798999aa2a3a4a5a6a7a8a9aab2b3b4b5b6b7b8b9bac2c3c4c5c6c7c8c9cad2d3d4d5d6d7d8d9dae2e3e4e5e6e7e8e9eaf2f3f4f5f6f7f8f9faffda000c03010002110311003f00fe7fe8a28a0028a28a00ffd9656e6473747265616d0a656e646f626a0a31392030206f626a0a3633350a656e646f626a0a32302030206f626a0a3c3c0a2f54797065202f584f626a6563740a2f53756274797065202f496d6167650a2f57696474682032300a2f48656967687420310a2f42697473506572436f6d706f6e656e7420380a2f436f6c6f725370616365202f446576696365477261790a2f4c656e677468203231203020520a2f46696c746572202f466c6174654465636f64650a3e3e0a73747265616d0a789c5353555556529093961011e4e3e26065666264600000159f0177656e6473747265616d0a656e646f626a0a32312030206f626a0a32380a656e646f626a0a32322030206f626a0a3c3c0a2f54797065202f584f626a6563740a2f53756274797065202f496d6167650a2f57696474682032300a2f48656967687420310a2f42697473506572436f6d706f6e656e7420380a2f436f6c6f725370616365202f4465766963655247420a2f534d61736b203230203020520a2f4c656e677468203233203020520a2f46696c746572202f4443544465636f64650a3e3e0a73747265616d0affd8ffe000104a46494600010101006000600000ffdb0043000201010201010202020202020202030503030303030604040305070607070706070708090b0908080a0807070a0d0a0a0b0c0c0c0c07090e0f0d0c0e0b0c0c0cffdb004301020202030303060303060c0807080c0c0c0c0c0c0c0c0c0c0c0c0c0c0c0c0c0c0c0c0c0c0c0c0c0c0c0c0c0c0c0c0c0c0c0c0c0c0c0c0c0c0c0c0c0c0c0c0c0cffc00011080001001403012200021101031101ffc4001f0000010501010101010100000000000000000102030405060708090a0bffc400b5100002010303020403050504040000017d01020300041105122131410613516107227114328191a1082342b1c11552d1f02433627282090a161718191a25262728292a3435363738393a434445464748494a535455565758595a636465666768696a737475767778797a838485868788898a92939495969798999aa2a3a4a5a6a7a8a9aab2b3b4b5b6b7b8b9bac2c3c4c5c6c7c8c9cad2d3d4d5d6d7d8d9dae1e2e3e4e5e6e7e8e9eaf1f2f3f4f5f6f7f8f9faffc4001f0100030101010101010101010000000000000102030405060708090a0bffc400b51100020102040403040705040400010277000102031104052131061241510761711322328108144291a1b1c109233352f0156272d10a162434e125f11718191a262728292a35363738393a434445464748494a535455565758595a636465666768696a737475767778797a82838485868788898a92939495969798999aa2a3a4a5a6a7a8a9aab2b3b4b5b6b7b8b9bac2c3c4c5c6c7c8c9cad2d3d4d5d6d7d8d9dae2e3e4e5e6e7e8e9eaf2f3f4f5f6f7f8f9faffda000c03010002110311003f00fe7fe8a28a0028a28a00ffd9656e6473747265616d0a656e646f626a0a32332030206f626a0a3633350a656e646f626a0a32342030206f626a0a3c3c0a2f54797065202f584f626a6563740a2f53756274797065202f496d6167650a2f57696474682032300a2f4865696768742032300a2f42697473506572436f6d706f6e656e7420380a2f436f6c6f725370616365202f446576696365477261790a2f4c656e677468203235203020520a2f46696c746572202f466c6174654465636f64650a3e3e0a73747265616d0a789c85cbdd164420148661638a4a2122241a3ff77f8bb313cb389af76c3febdb51f4bf17f4bc420f884337c5f13b842ef282103eba080427490a11122cf6022765be1fa22ce35c08919f861342332ef2a294527a8319ac320150d54aa97396122059abb6d5ba3b0ce19471a04677fd60ccf90ab3b26ebade8cd64ec152ca73a9746fec343b7718062baaa63376769f65398dc16bdb8f13d0badea6f46067a06d0b4698900a5e1dd0be5f967b9b827d01558e0e7b656e6473747265616d0a656e646f626a0a32352030206f626a0a3138300a656e646f626a0a32362030206f626a0a3c3c0a2f54797065202f584f626a6563740a2f53756274797065202f496d6167650a2f57696474682032300a2f4865696768742032300a2f42697473506572436f6d706f6e656e7420380a2f436f6c6f725370616365202f4465766963655247420a2f534d61736b203234203020520a2f4c656e677468203237203020520a2f46696c746572202f4443544465636f64650a3e3e0a73747265616d0affd8ffe000104a46494600010101006000600000ffdb0043000201010201010202020202020202030503030303030604040305070607070706070708090b0908080a0807070a0d0a0a0b0c0c0c0c07090e0f0d0c0e0b0c0c0cffdb004301020202030303060303060c0807080c0c0c0c0c0c0c0c0c0c0c0c0c0c0c0c0c0c0c0c0c0c0c0c0c0c0c0c0c0c0c0c0c0c0c0c0c0c0c0c0c0c0c0c0c0c0c0c0c0cffc00011080014001403012200021101031101ffc4001f0000010501010101010100000000000000000102030405060708090a0bffc400b5100002010303020403050504040000017d01020300041105122131410613516107227114328191a1082342b1c11552d1f02433627282090a161718191a25262728292a3435363738393a434445464748494a535455565758595a636465666768696a737475767778797a838485868788898a92939495969798999aa2a3a4a5a6a7a8a9aab2b3b4b5b6b7b8b9bac2c3c4c5c6c7c8c9cad2d3d4d5d6d7d8d9dae1e2e3e4e5e6e7e8e9eaf1f2f3f4f5f6f7f8f9faffc4001f0100030101010101010101010000000000000102030405060708090a0bffc400b51100020102040403040705040400010277000102031104052131061241510761711322328108144291a1b1c109233352f0156272d10a162434e125f11718191a262728292a35363738393a434445464748494a535455565758595a636465666768696a737475767778797a82838485868788898a92939495969798999aa2a3a4a5a6a7a8a9aab2b3b4b5b6b7b8b9bac2c3c4c5c6c7c8c9cad2d3d4d5d6d7d8d9dae2e3e4e5e6e7e8e9eaf2f3f4f5f6f7f8f9faffda000c03010002110311003f00fe7fe8a28a0028a28a0028a28a0028a28a00ffd9656e6473747265616d0a656e646f626a0a32372030206f626a0a3634330a656e646f626a0a32382030206f626a0a3c3c0a2f54797065202f584f626a6563740a2f53756274797065202f496d6167650a2f57696474682032300a2f4865696768742032300a2f42697473506572436f6d706f6e656e7420380a2f436f6c6f725370616365202f446576696365477261790a2f4c656e677468203239203020520a2f46696c746572202f466c6174654465636f64650a3e3e0a73747265616d0a789c6dcbeb16433010465155218904210411d4e5fd5fb1934b175dedf9b9e79b28faed01fd33df65b1ef8b93a7cfb337e44a92a0ce30cea034455603521b8183d5d85bc139672ca7e4864288aa2c38cb094e513029655303f31c967608d62bd575b21180380b43adc7a1572d20a3194a9ccdc64c7ae8dba68261785ed765367a5052148c64deb6edb52e46f76d5d822167fb0e384f4307cf34d871002e6654f2b2f3045ce1590a4ef1dd666bc5c7ded0b80e7b656e6473747265616d0a656e646f626a0a32392030206f626a0a3137390a656e646f626a0a33302030206f626a0a3c3c0a2f54797065202f584f626a6563740a2f53756274797065202f496d6167650a2f57696474682032300a2f4865696768742032300a2f42697473506572436f6d706f6e656e7420380a2f436f6c6f725370616365202f4465766963655247420a2f534d61736b203238203020520a2f4c656e677468203331203020520a2f46696c746572202f4443544465636f64650a3e3e0a73747265616d0affd8ffe000104a46494600010101006000600000ffdb0043000201010201010202020202020202030503030303030604040305070607070706070708090b0908080a0807070a0d0a0a0b0c0c0c0c07090e0f0d0c0e0b0c0c0cffdb004301020202030303060303060c0807080c0c0c0c0c0c0c0c0c0c0c0c0c0c0c0c0c0c0c0c0c0c0c0c0c0c0c0c0c0c0c0c0c0c0c0c0c0c0c0c0c0c0c0c0c0c0c0c0c0cffc00011080014001403012200021101031101ffc4001f0000010501010101010100000000000000000102030405060708090a0bffc400b5100002010303020403050504040000017d01020300041105122131410613516107227114328191a1082342b1c11552d1f02433627282090a161718191a25262728292a3435363738393a434445464748494a535455565758595a636465666768696a737475767778797a838485868788898a92939495969798999aa2a3a4a5a6a7a8a9aab2b3b4b5b6b7b8b9bac2c3c4c5c6c7c8c9cad2d3d4d5d6d7d8d9dae1e2e3e4e5e6e7e8e9eaf1f2f3f4f5f6f7f8f9faffc4001f0100030101010101010101010000000000000102030405060708090a0bffc400b51100020102040403040705040400010277000102031104052131061241510761711322328108144291a1b1c109233352f0156272d10a162434e125f11718191a262728292a35363738393a434445464748494a535455565758595a636465666768696a737475767778797a82838485868788898a92939495969798999aa2a3a4a5a6a7a8a9aab2b3b4b5b6b7b8b9bac2c3c4c5c6c7c8c9cad2d3d4d5d6d7d8d9dae2e3e4e5e6e7e8e9eaf2f3f4f5f6f7f8f9faffda000c03010002110311003f00fe7fe8a28a0028a28a0028a28a0028a28a00ffd9656e6473747265616d0a656e646f626a0a33312030206f626a0a3634330a656e646f626a0a33322030206f626a0a3c3c0a2f54797065202f584f626a6563740a2f53756274797065202f496d6167650a2f57696474682032300a2f4865696768742032300a2f42697473506572436f6d706f6e656e7420380a2f436f6c6f725370616365202f446576696365477261790a2f4c656e677468203333203020520a2f46696c746572202f466c6174654465636f64650a3e3e0a73747265616d0a789c75cd491683201045d1c2d8a0824a44d1206a1af7bfc57cd07483bc59dd5305dbf6b8dfd6d90e5a55054f4e1123da82396ff2650fd0757117a31b5964bbdd41eb3c8d7dfbb11b68c16977ae457ed8ba2eb3b3a3c117b038d8ecdc64c7a1c369c9d3ddacbd8c83e95a550b3c17470c3618d3f71a84b5f01c4c6bdd9e5503cab3e3949402545294394f8f35aaa494429405b692f8b0c297f3ec8b88630478f1142c09c55e5e4418424176a2688fb10f117b47ef7ea7ff3d015bf60e7b656e6473747265616d0a656e646f626a0a33332030206f626a0a3138390a656e646f626a0a33342030206f626a0a3c3c0a2f54797065202f584f626a6563740a2f53756274797065202f496d6167650a2f57696474682032300a2f4865696768742032300a2f42697473506572436f6d706f6e656e7420380a2f436f6c6f725370616365202f4465766963655247420a2f534d61736b203332203020520a2f4c656e677468203335203020520a2f46696c746572202f4443544465636f64650a3e3e0a73747265616d0affd8ffe000104a46494600010101006000600000ffdb0043000201010201010202020202020202030503030303030604040305070607070706070708090b0908080a0807070a0d0a0a0b0c0c0c0c07090e0f0d0c0e0b0c0c0cffdb004301020202030303060303060c0807080c0c0c0c0c0c0c0c0c0c0c0c0c0c0c0c0c0c0c0c0c0c0c0c0c0c0c0c0c0c0c0c0c0c0c0c0c0c0c0c0c0c0c0c0c0c0c0c0c0cffc00011080014001403012200021101031101ffc4001f0000010501010101010100000000000000000102030405060708090a0bffc400b5100002010303020403050504040000017d01020300041105122131410613516107227114328191a1082342b1c11552d1f02433627282090a161718191a25262728292a3435363738393a434445464748494a535455565758595a636465666768696a737475767778797a838485868788898a92939495969798999aa2a3a4a5a6a7a8a9aab2b3b4b5b6b7b8b9bac2c3c4c5c6c7c8c9cad2d3d4d5d6d7d8d9dae1e2e3e4e5e6e7e8e9eaf1f2f3f4f5f6f7f8f9faffc4001f0100030101010101010101010000000000000102030405060708090a0bffc400b51100020102040403040705040400010277000102031104052131061241510761711322328108144291a1b1c109233352f0156272d10a162434e125f11718191a262728292a35363738393a434445464748494a535455565758595a636465666768696a737475767778797a82838485868788898a92939495969798999aa2a3a4a5a6a7a8a9aab2b3b4b5b6b7b8b9bac2c3c4c5c6c7c8c9cad2d3d4d5d6d7d8d9dae2e3e4e5e6e7e8e9eaf2f3f4f5f6f7f8f9faffda000c03010002110311003f00fe7fe8a28a0028a28a0028a28a0028a28a00ffd9656e6473747265616d0a656e646f626a0a33352030206f626a0a3634330a656e646f626a0a33362030206f626a0a3c3c0a2f54797065202f584f626a6563740a2f53756274797065202f496d6167650a2f57696474682032300a2f4865696768742032300a2f42697473506572436f6d706f6e656e7420380a2f436f6c6f725370616365202f446576696365477261790a2f4c656e677468203337203020520a2f46696c746572202f466c6174654465636f64650a3e3e0a73747265616d0a789c6dcdd11682201045d1b130514125513442cdeaff7fb10b91b65a9dc7cdcc40941c8e292f2aa5073b2debfdf17c5234e9cd7d5b56c8469b8b9b6fc0c76e6d3f5ea705788f968bfadc617906aec1180c9f98d1ba695e96b79d7889e56e18edd5b909961c180e8a5ab59d19c68bb5c170108340ddf7c60c1497b31cd8a873abb5a63878e279296405562a1a4b3159944248292bfac28ce785ef6d40af603c70faa0579686e88341438c76f41ca2ad648b7efa67be17e0bd0e7b656e6473747265616d0a656e646f626a0a33372030206f626a0a3138360a656e646f626a0a33382030206f626a0a3c3c0a2f54797065202f584f626a6563740a2f53756274797065202f496d6167650a2f57696474682032300a2f4865696768742032300a2f42697473506572436f6d706f6e656e7420380a2f436f6c6f725370616365202f4465766963655247420a2f534d61736b203336203020520a2f4c656e677468203339203020520a2f46696c746572202f4443544465636f64650a3e3e0a73747265616d0affd8ffe000104a46494600010101006000600000ffdb0043000201010201010202020202020202030503030303030604040305070607070706070708090b0908080a0807070a0d0a0a0b0c0c0c0c07090e0f0d0c0e0b0c0c0cffdb004301020202030303060303060c0807080c0c0c0c0c0c0c0c0c0c0c0c0c0c0c0c0c0c0c0c0c0c0c0c0c0c0c0c0c0c0c0c0c0c0c0c0c0c0c0c0c0c0c0c0c0c0c0c0c0cffc00011080014001403012200021101031101ffc4001f0000010501010101010100000000000000000102030405060708090a0bffc400b5100002010303020403050504040000017d01020300041105122131410613516107227114328191a1082342b1c11552d1f02433627282090a161718191a25262728292a3435363738393a434445464748494a535455565758595a636465666768696a737475767778797a838485868788898a92939495969798999aa2a3a4a5a6a7a8a9aab2b3b4b5b6b7b8b9bac2c3c4c5c6c7c8c9cad2d3d4d5d6d7d8d9dae1e2e3e4e5e6e7e8e9eaf1f2f3f4f5f6f7f8f9faffc4001f0100030101010101010101010000000000000102030405060708090a0bffc400b51100020102040403040705040400010277000102031104052131061241510761711322328108144291a1b1c109233352f0156272d10a162434e125f11718191a262728292a35363738393a434445464748494a535455565758595a636465666768696a737475767778797a82838485868788898a92939495969798999aa2a3a4a5a6a7a8a9aab2b3b4b5b6b7b8b9bac2c3c4c5c6c7c8c9cad2d3d4d5d6d7d8d9dae2e3e4e5e6e7e8e9eaf2f3f4f5f6f7f8f9faffda000c03010002110311003f00fe7fe8a28a0028a28a0028a28a0028a28a00ffd9656e6473747265616d0a656e646f626a0a33392030206f626a0a3634330a656e646f626a0a34302030206f626a0a3c3c0a2f54797065202f584f626a6563740a2f53756274797065202f496d6167650a2f5769647468203331320a2f486569676874203330370a2f42697473506572436f6d706f6e656e7420380a2f436f6c6f725370616365202f4465766963655247420a2f4c656e677468203431203020520a2f46696c746572202f4443544465636f64650a3e3e0a73747265616d0affd8ffe000104a46494600010101006000600000ffdb0043000201010201010202020202020202030503030303030604040305070607070706070708090b0908080a0807070a0d0a0a0b0c0c0c0c07090e0f0d0c0e0b0c0c0cffdb004301020202030303060303060c0807080c0c0c0c0c0c0c0c0c0c0c0c0c0c0c0c0c0c0c0c0c0c0c0c0c0c0c0c0c0c0c0c0c0c0c0c0c0c0c0c0c0c0c0c0c0c0c0c0c0cffc00011080133013803012200021101031101ffc4001f0000010501010101010100000000000000000102030405060708090a0bffc400b5100002010303020403050504040000017d01020300041105122131410613516107227114328191a1082342b1c11552d1f02433627282090a161718191a25262728292a3435363738393a434445464748494a535455565758595a636465666768696a737475767778797a838485868788898a92939495969798999aa2a3a4a5a6a7a8a9aab2b3b4b5b6b7b8b9bac2c3c4c5c6c7c8c9cad2d3d4d5d6d7d8d9dae1e2e3e4e5e6e7e8e9eaf1f2f3f4f5f6f7f8f9faffc4001f0100030101010101010101010000000000000102030405060708090a0bffc400b51100020102040403040705040400010277000102031104052131061241510761711322328108144291a1b1c109233352f0156272d10a162434e125f11718191a262728292a35363738393a434445464748494a535455565758595a636465666768696a737475767778797a82838485868788898a92939495969798999aa2a3a4a5a6a7a8a9aab2b3b4b5b6b7b8b9bac2c3c4c5c6c7c8c9cad2d3d4d5d6d7d8d9dae2e3e4e5e6e7e8e9eaf2f3f4f5f6f7f8f9faffda000c03010002110311003f00fdfca28a2800a28a2800a28a2800a28a2800a28a2800a28a2800a28a2800a28a2800a28a2800a28a2800a28a2800a28a2800a28a2800a28a2800a28a2800a28a2800a28a2800a28a2800a28a2800a28a2800a28a2800a28a2800a28a2800a28a2800a28a2800a28a2800a2b37c5be31d23c03e1eb9d5f5dd534ed174ab25df71797d7296f6f02fab3b90aa3ea6aa7c34f899a17c61f04d9788fc35a8c5ab689a96f36b771a32a4e11d90b2ee0095dca707186182090412aeaf6ea67ed61cfecb99735af6babdbbdb7b79d8dda09c0af21fdbbfe20f89fe117eca9e2bf177842e5adb57f0a4706b0e0431cc27b482e2392ee221d4801ad9661918233904119ad7f1f7ed7ff0b7e166996d75e22f1ff853485bd8926b786e3518c5cdc2b80ca52107cc7c820e1549e6a1d58a6d3d0e5a998d0a75654aac94795295db4959b6b76d6cd59faa3bfd2f55b5d734f8aeecae6def2d671ba39a090491c83d430c823e9562be62ff00825378eb4cd73e02788fc31a44d34ba6780bc5faae93a699eda5b595f4f92737966e629555d4182e914654709c71cd7d3b4529f3c14bb865b8d58bc2d3c4afb4afa6aafaa6afd754ff0000a28a2b43b82b2bc6de3bd13e1af866eb5af116afa6685a4592eeb8bdd42e52dade11eacee428fceb56be68bdf0ad87ed21ff000510d7f4df155bc5a9681f07fc3fa5de68da3dd0125acda8ea0f745f5068cf0ef1476eb1216042177230c7359d49b8a496ef43871f8a9d18c23492739c9455f6bb4ddddb5b249bb2d5e896f75e97f097f6cdf851f1db5f3a4f843e2178535ed570596cadb508cdcc8a064b2464867500672a08f7af4caf3afda57f674f0cfed11f0caf34ad72dadedaead6269f4ad623022bcd06e506e8aeade618689e3601b2a464020e4120e7fec39f17355f8f1fb217c3bf17ebaa06b3aee876f3deb05da26976ed6940ec1ca9703fdaa5194b9b925ea6587c4d78e23eab89b36e3cc9c6e9349a4d34db69a6d7569a7d1a68f55a2b91f8f9f18b4dfd9f3e0af8a3c6dab7cd61e18d366bf9230db5ae191494894ff79df6a0f7615aff000ff5ebff0015780f44d5354d2db43d4f52b082eaef4e69bce6b095e356784bed5dc51895ced19c74157ccafcbd4ed55e9fb5f617f7ad7b795edf99af453219d2e1498dd1c2b15254e7041c11f5078a7d51b0514514005145140051451400514514005145140051451400514514005145140051451400514514005145725f1dfe25ddfc1af841aff8aacb40bff144da05a9bc6d32c9d52e2e62420c9e5eee0b2c7b982f56db81c9149b495d99d5ab1a709549ec936fae8b57b5d9d6d54f105a5ddfe837b069f78ba7dfcf6f2476d74d08985b4a548490a1203856c1da48ce319154be1ef8ff0048f8a9e06d23c49a05f43a968bae5a477b657311f96689d4329f5070790790720f22b628d1ad071946a439a2ee9add766b74d7ae8cf88bf6b8fd9763f8176be0df8cfe29d7fc43f156e3c05afc375e274f11f977365fd973836f3cd6d60882de06b769127531a6e0236dced8cd7db3693c5756b14b03c724122068de320a329190411c118aa5e2ef0a69fe3bf0a6a7a1ead6d1dee97ac5a4b63796f20cacf0c8851d0fb15623f1af3afd8bbc03e2ef849fb3fe97e0ff00193a5cdf784a69f47d3ef84eb2b6a5a6c32b2594ef8fbae6dc46194f39524f5ac614f926f9568ff35fe68f1f0982583c6c9518fb9515dbd5da71d356db7ef45a7ab7ac5ed73d07c73e10b3f885e09d6340d453ccd3f5cb19b4fb95fef452c6d1b8ff00be58d7ce7ff04a4f863e13f0f7ec99e18b8b4f08f86746f16e88d75e1fd76eed34c861bb9ef2c6e65b495e590287677f28392c493bebea1a4540830000324f03b9ab74d39a9f63b2ae5f09e2e18b695e31947549eed3567d2cd74dee791fc3ef83badf80ff006c8f88be29863b76f09f8f346d26695fcd1e6c7aa5a79f6ee3675dad6c6dfe6f58c0ed5eb7321962655768cb02032e32bee3391f98a7515518a8ab237c3e1a1462e10d9b94be727776f2bdfef679afec7fa4f8bb44fd9c3c316fe3ad4753d57c52b14af7973a8a225db869e46884a14050eb118d4e0755f5af4aa28a231e5491586a2a8d28d24dbe5495deadd95aedf70af1df8eff00b3b6bdaefc4dd33e23fc3bd734ff000f78fb4bb13a55c26a56ed71a5f882c0bf982d6e95087529212f1cb19dc859c6183115ec545138292b3271585a78887b3a9dd34d3b34d6cd35b35fe7ba6d3f9bfc71e00fda03f68af0f5c784bc472fc3ef86de17d56336bacea3e1dd52eb56d5ef2dd86258ad7cdb7823b7f31495f31bcc640c485ce0d7bef833c1fa6fc3df08695a068d691d8691a25a4561656d1fddb78624088833d82a81f8569d1530a6a2efbbf331c2e021466eab94a526ad793bbb2d6cb4492beba2d5eadbe9f39fedc96e7e277c56f823f0ba721745f18f89e4d63580df76eedb4980deadab0ee249c4048f48dabd7fe3d7c5fd3be007c17f1478d755e6c7c33a6cd7ee99c19d91494897fda77da83dd85677ed05fb3d697fb41f87b4e86eaff54d0b5af0fdeaea7a1eb9a5c8b1df68f74aac9e6465832b2b23323c6eac8eac411d08f399bf63df1b7c4ed7b468fe29fc545f1b785341be87528b42b0f0d45a3c7aa5cc2c1e07be759643322380fe522c68ccaa482005ace4a6a527157becfb69d7f33cdad0c651ad5e5469f34aa72f2caead1b47952926d3b45b72d13e6bdb46751fb0efc21d47e0dfecdda1daebff003f8b75e69bc43e24948c34ba9dec86e2e33fee349e58ff006635af5a9a64b685e491d638e352cccc70aa072493d853abe66fdb77e2237c5af88be1afd9d7c3fac47a6eb1f10a092fbc4d751dc2c771a6f87e23fbf58f27266b9c18500070a6562005cd5b6a94125e8bccebab529e5b828c60afca9462afaca4f48abf793d5bff0013e87d1fa26b765e25d22db50d3af2d750b0bd8d66b7b9b69565867461957475243291c820e0d5aaf94fe34fc2eb4ff8276f84e5f88ff0cee26d0fc1da4dddaffc247e0a3219349bfb79a78e079ed118936b76be6061e5909295c32127757d594e136db8c959a36c1e2e75252a35e3cb52366d2774d3bd9a7a3b3b3566934d6bd1b28a28ad0ef0a28a2800a28a2800a28a2800a28a2800a28a2800a28a2800a28a2800a28af25fdbaf42f12ebffb22f8f63f076abab68fe25b4d31afec6e34cb96b6bb76b7659cc31c8bca9956368b23fe7a54ce5cb172ec73e2abba34275945cb953765bbb26ecbcdd8f5aa2be3ed4be3d7c4afd98be0768ff1163f14e87f18be1a6af696b77630eb0174af14ba5caa9821825810c17d33060046628e473c6e279af6cf817fb5ff0086be38f88e6f0e8d3fc51e12f18da5b7db2e7c3be23d265b0be8a10554c8a48314a99603744ee391d3359c6bc5be57a3febe47061b3bc355a8a8cef09b49a52eb7d55a4af177e9669bfe53c8347f1de91ff04d2f8d1aaf86bc4b7a9a3fc18f1d3dceb7e17bd9158c1e1ed4b996f34ac283849be69e0400658cb1a8638af58f831f15fc7ff1b3c683593e154f067c36481c5aaeb913aebfadb9c6c9840182d9c2392165dd2bf1948ebd4756d02c35e36a6facad2f7ec53add5bf9f0ac9f6799721644c83b5c64e1872326add11a4e2ec9e9dbfae82c2e5b568cf92352d493bc62959abebcae5afba9df96292d1d9bb24828a28ad8f6028a28a0028a28a0028a28a0028a28a0028a28a0028a28a002bc2b4dff00827ff82f598fc6775e3443e33f1078d75c6d667d667436b7ba76cf92ce1b49636f32dc5b4584468dc3125dbf8c8af75a2a2508cbe2573971382a188b7b78295af6beab5567a6db75dd74b6e7c6ff00b23fecedac7ed2bf0e741d77e26fc4af19f8db4af0bf893528adbc377a2d63b2371a76a9736d6f25d491c2b35d15104720595c8dfc907a57d9154b42f0de9fe17b69a1d36c6d34f86e2e25ba923b68562492691cbc9210a002cee4b31ea4924e493576a6952508dba9cf95e5d0c1d1505acacb9a576db6b45ac9b7b6caf65ad9051452330452490001924f415a9e90b4514500145145001451450014514500145145001451450014515e0dfb60fc6ed42d7c53e15f843e11d5e1d0fc75f137ce58b5495d53fb134e8866eaea20d8f32e769d90c6b93bdb79c2c6d5139a8abb397198b861a93ab3f249756dbb24bcdb692fbde899ee9657f06a56fe6db4d15c4459937c6e1d72ac55864770c083e8411529018104020f515e3be1cf14f877f671f14f803e0a781f417be97ec6f71710433855d0b4c40dbafae5c8259e59c85507e6964791b3f2b1af561e21b06d7db4a17d667544b7176d67e72fda1612c504a533bb6160577631904678a232befb861f131a89a935ccaca56d94ac9b49bb5ed7ff00349e8be49fd83ff67bd3bc3df193c73a27892faf75bd43e0aebb2e9be0ed32ef69b3f0f6917a9f6bb59e14030d3ba4cf0999b2cab6fb17680c0fd85505be976d697b717315bc115cddedf3e548c2bcdb4617711cb607033d054f4a953508f2a30caf2e860a87b08777af95ddafbed1b47d22924968145145687a2145145001451450014515f16ffc14a7fe0af67fe09e7f17743f0a8f87a3c5ff00db3a3aeabf6afeddfb079399a58bcbd9f67973feab3bb23ef631c64e55ab429479e6ec8f3735cdb0996e1de2f1b2e582695ecdeaf6d126cfb4a8afca2ff889d9bfe888affe161ffdc547fc44ecdff44457ff000b0ffee2ae5fed3c37f37e0cf97ff8895c39ff00411ff924ff00f913f5768afca2ff00889d9bfe888aff00e161ff00dc55f47ffc1353fe0ae6ff00f050ef8a7aff0086ff00e15e8f08a687a57f699bafeddfb7f9c7ce8e311ecfb3c5b7ef939c9fbb8c739aba78fa13928465abf267665fc7791e37110c261abf34e6ec972c95deaf76add0fb3a8a28aec3eb828a28a0028a28a0028a28a00a1e28f14e9be08f0e5f6b1ac5fda697a569b0b5c5ddddd4ab1436f1a8cb3bb3600007735f25f877c5f73ff0562d4b5582c353b8d0be016877a6c2fa0b6b86b7d63c6f32aab98e6da44969625594ed3b65995813b55863e96f8c3f037c2ff1f741b0d2bc5da5a6b5a569fa843a9a594b2badbcf345931f9d1a90b320273e5c819090a483815c27c5efd9ab5c8fe250f885f0b35ad2fc27e3696d92c755b6d42d1ee347f135bc7fea92ee38d95d658b24473c677aa92843290073d68cdbfeef55d5ff005dbafe7e0e6d87c5569256e6a2be28a7ef4fbf65cab4bc2e9cd5d3924b9659ff00b34f8935cf83ff0015f51f829e27d46e35f5d2b491ae784b5bb87df75a869026103dbdd1fe2b8b691e24327fcb549636386dd9f78af16f809fb3d78b74af8bbaa7c4bf899e20d235cf1adf698343b1b4d16d64b6d2742b0f344cf14224669257964547791c8276228002d7b4d5d14d475f97a1d794c2ac70fcb5134aef954be250bfba9eaf55af56d2e54db698514515a9e98514514005145140051451400514514005715f1e3f67bf09fed27e077d03c5ba5a5fdaac82e2d674730dde9b70bca5c5bccb878a553c86523d0e4120f2ff001dbf6aa9ff00674f18c27c43e06f155c780a4b55926f1669308d461d366dcdbd6e6d62cdc4712a843e72aba92c4103193df7c34f8a7e1bf8cbe11b6d7bc29aee95e22d1aec7eeaf34fb959e263dd495270c3ba9c107820567cd093707f71c12c46131329e0e6d37d62d6ebbd9a575e6aebcd347c99e12bcf197fc135fc49e2b93c51e1cf137c60d37c6b749269fe33d363375ae5d5cac6b0d9e99a9464fc8321638a78f116e932caacec6bde3f659f819aa7c3db1d5bc59e339adf50f897e39912ef5fb984ee86c55411069d6c4f4b7b7525477763248797e3d6a8a8850517be8b6f2ff33970593430f34d4dca11bf245fd96ef777de4f569395da4dabbbdc28a28adcf6428a28a0028a28a0028a28a002bf173fe0e50ff93b9f047fd8a11ffe96dd57ed1d7e2e7fc1ca1ff2773e08ff00b1423ffd2dbaaf3736ff00767ea8fce7c55ff927a7fe387fe94cfceaa28a2be54fe5d0afd43ff8367bc273b7c42f8a1ae988fd9934eb4b0593b6f32b3b2fe4aa6bf2f2bf73bfe0825f0525f84dfb2e6a17573198eef5eb886eae14ae0ab946700fa111bc408f55ad709552c651a4b7937f728b6ff4fbcfbff0cb072ad9fd19ada1cd27ff0080b4bf33eeaa28a2bedcfea90a28a2800a28a2800a28a2800a28a28012491618d9dd9551465989c003d4d7cdbf123fe0a0b26b579ab69df057c17a97c62bff000f079357bfd3e75b7d16c446373c0b76d95b8ba2a3090c3bbe661b99706bb1fda2bf6464fda8bc4905b78a7c61e255f87c967e55cf84b4c97ec106a971b9b325cdc4644d247b4a01082abb93712d9c0f1efd97ff006d3f875fb2e784356f849e3ff15683e1bbff00851792e8569a8cb18b4b2d7ad225478a488aa88dae96296359e24cb89431c10e2b96ad492972b7cabbff005b7ccf9accf1f5e15950a935429cae9546e2db695ecafeec55b54e576ecd24aeaff52fc2df899a37c65f875a2f8abc3f76b7ba2ebf691deda4c060b238ce187f0b0e4329e558107915bd5e01ff0004ed86e6e7e17f8c3588b4cd4346f0b789fc67a9eb5e15b3bc81ada58f4c9da3612792c034492cff006999508042cca70335eff5b5293941499ec65b8996230b4eb4d6b25f2eaaeafad9daebc9a0a28a2b43b428a28a0028a28a002b9df8aff13b4df835f0ff0052f136b11ea72697a4a2c973f60b09afa7442eaa5c4512b3b2aeedcc403b55589e01ae8a8a4ef6d08a8a4e2d41d9f476bd9fa697f4b9f3e7c73fdafb48f1c7ecf7672fc23f13691e21f127c45be8fc33e1ab9b19c4c2d2ee75264b89141dc9f6681659d958023ca00819aaba77fc1337c11f0fb4fd16e3e1d6a7e21f865e27d16cedecdb5af0fdc2c6dabac4a1737d6eead6f765b04b348858939dd5adf197fe09ede06f891e3d8fc71e1efb6fc38f8936acd25bf8a3c37b2dae5dd8107ed111530dcab03861221257237015defc02d2be22685e15bbb2f891ab78675fd4ed6e8c765a9e8f69259fdbed822ed927858b2c7316de0ac6c5300118ce0732a6e53fdeabf66bfaba67cec30556be29ff0069d252d1284a3f0ab6adead4e1293ed7d124a5d1f743a514515d47d285145140051451400514514005145140057e2e7fc1ca1ff2773e08ff00b1423ffd2dbaafda3afc5cff0083943fe4ee7c11ff0062847ffa5b755e6e6dfeecfd51f9cf8abff24f4ffc70ff00d299f9d54515dafc0af80faefed01e348f48d1a12234c35dde3a9f26ca3cfde63ebd70bd58fe247c856ad4e8d3756abb456adb3f9869529d59aa74d5dbd91d7fec59fb3b4bf1cfe27c57179016f0e686eb717ecc3e49d81ca41efb88e7d141e848afdfefd8b7c2dff08cfc01d2dd93649aa4b2deb8c7f79b6a9fc5110fe35f027c08f81b61f0dfc3ba3783bc39013e64c902bb0fde5dcf210a64723ab31c7d0600c0000fd44f0d6830f85bc3b61a65b0c5be9f6f1db47c63e5450a3f415e5f0562a59a66b5b30b5a9d38f247fede776fd5a5f7591fd09e18e44b08ea5697c4959bf37d3e497e25da28a2bf553f600a28a2800a28a2800a28a2800a28a28011c1284290ac47048ce0d79dfece7fb3e59fc0cf835a4786af278bc41a94134ba96a7a9dc4037ea5a94f2bcd717441ce0b4b2391c92abb4678af45ae5be327c67f0f7c03f01dc7893c4f773d9e956d24709682d26bb9649246091c691c4acecccc428007522a64a2bde97439abc2845fd66b5972a7abd92766fcba2d7e4753457ce1ff000bbbe387ed0bfbbf87de01b7f867a04dc0f1178f949bf753c16834a85b7861d47da258c1eebdabd67e04fc2fd6fe15f84ae2d3c45e38d7bc7dabdf5d35e5cea3a9c305b8466555f2e08614558a11b3213e6c1663b8e6a635399e89dbbff5a9861b305889da9425c9fccd72af9295a4efdd452f3676d45145687a014514500145145001451450014514500145145001451450014514500145145001451589e24f893a0784037f696b1a7da3af58de61e67fdf03e63f95635f114a8c3da56928aeeda4bef6d1329c62af27636ebf173fe0e50ff93b9f047fd8a11ffe96dd57e9d78d3f6d6d0747478f46b3bbd5a61c2c8e3c887ebcfcc7e9b47d6be59f8e034ef8f9f166cfc6be22d1748b9d7b4cb35b0b198c1b859c2b23c80206270dba463bbef738ce381f9e71278819451a2e8d09fb59f68edf393d3eeb9f01c76a966596cb01466b99ca2efab4926dbff807e6afecdfff0004ff00f13fc647b7d4f5c49fc35e1c7c3f9b3262eaed7fe99467a023f8db8e720374afbb7e1afc28d07e0df84e2d1bc3d61158d94477363e69277c0cbbb1e598e3a9f60300003ad9aab346d34811159dd982a803249f415f8b66fc418bcca56a8ed1e915b7cfbbf5f9247e7580c8f0d808feed5e4f793dfe5d9792fc4f5dfd883e1c1f177c593abcc9bacfc3d1f9d9238699c158c7e1f337d5057d975c0fecd9f09ffe1517c2eb3b19902ea5787ed77c7b89580f93fe02a02fa6413debbeafe86e0ac95e599542954569cbde97abe9f2565eb73f6be1fcb9e0f0718497bd2d5fabe9f2565f78514566f893c61a5783ed3cfd5350b4b18cf4334814b7d0753f857d455ab0a50752a49452ddb692fbdd91ed3924aecd2a2bc8bc51fb61e81a63b47a5da5e6ace3a39fdc447f1605bff1dae2757fdaebc47a9122d2df4eb043d0ac66471f8b1c7fe3b5f1598788d90e11b8fb6e76bf91397e3a2fc59c92c7d14ec9dfd0fa4e8af932efe3778b35572d2eb97aa5ba88984407fdf005571e3fd7ae31e66b7abc9fef5e487fad7cb56f1930117fbbc3cdfab8aff32a38a8cb647d77457907ecabab5d6a926bc6e6e6e2e4a0b7dbe6c85f6e7cdce335ebf5fa3f0e6751cdb2fa798421c8a77d1bbdacdadd7a1d29dd5c28a28af6c614514500145782fed21e2df15fc4df8e7a07c1ef06ebd73e10fb76932f88fc4fafda2235f5969cb30822b7b4de195679e52e3cc20f9690b100b118c8d73f60ed47e1ce8d36b3f0bfe247c47d37c6d6686780ebfe24bad6b4bd6a55e7cabdb7b86652927dd2f16c74ddb94f1838baaeef9637b7f5a1e4d4ccab73cd61e8b9c60ecdf325aa49b514fe26aeafac55f44ee7d2345711fb377c6883f688f815e18f1a416afa79d7ac9669ecddb73595c29293c04f731caae99efb735dbd6b1926ae8f468d6855a71ab4dde3249af46ae828a28a66a14514500794fed35f1cb5ef87179e15f0b78274ad3759f1ef8eeea6b7d2a2d4a678b4fb28608fcdb9bcb96405cc512941b53e6779514119cd79dcdfb6178b3f65bf1cd8e8ff00b4149e05b0d23c436b3cda2f897c36b771db4b710ec2f652daca64944ccae1a3f2d9f7ed650b9e2b43f689d2fe24784ff6b3f0c78ffc2df0f1be22687a27856f747fb2dbebb6ba75d5a5c5d5d5bcb24a8b7042bfeeed635fbc3ef1f4af33f89dfb565eeaff00b4b7c31f11f8bbe0efc63f0a787fc0d6fabdc5f5c4fe196d5218ef278a082dca3d8b4e0a88dae4963820edc039ae2ab51a937769df4d1dadf77ea7c76639854a55a7375250929c6314e32f66e3eea72768352de4efce9ae556b6b7fa8fe087c5d9be35f862e759ff00845fc4de17b0fb5343609aeda8b4bbd4210887ed220c9789199982aca15cec24aa8233d9d637c3cf881a5fc54f04e9be21d1269ee34ad5a113db4935acb6b23212465a29556443c1e1941ad9aeb8ecb5b9f57866dd28b72e7d37b257f3b2d2ddbc828a28aa360a28a280382f8c3f18e6f8617d650c56315dfdae36725e42bb7040ec2b85bafdadf53507cbd22c54ff00b523b7f854ff00b59ffc87347ffae127fe842bc727ef5fce7c6bc699d60f3aaf84c2e21c6116ac928e9eec5ff2b7bb39ab4e4b63d22fbf6b7f11ba91159e9117bf952311f9be3f4ac1d57f69df18de2909a8c36c0ffcf2b68ff9b026b8b9bbd549ebe3aaf18e795749e2e7f295bf248f2abe22a7f3334fc43f143c45e234297bad6a53c67ac6676087fe02303f4ae5a739ab735549ebc7ad8aad5e5cf5e6e4fbb6dfe6d9e16265293bc9dca92d549aadcb5526a2278b5ca9357b8fec67f021fc4dafa78b35387fe25ba749fe828e38b89c7f1ffba87ff1ec7f748ae53f67ef80379f19bc44249964b7d0acdc7daee00c193a1f290f7623a9fe10727b03f68e93a4db683a65bd959c11db5adac6228a241854503000afd6bc3be10962aac734c5c7f771778a7f6a4baff853fbdf9267adc3f92bad5162ab2f756cbbbefe8bf17e858acef14f8b74df04e8f25feab790d95a45d5e43d4fa01d58fb0e6b03e32fc67d2fe0d7877ed7787cfbc9f2b6b66ad87b86fe8a3bb76f7240af8ffe23fc55d63e2c6bc6fb55b8dc109105ba64436ca7b28fe64f271c9afd078bb8e30d93af614973d77f67a47ce4ff0024b57e4b53e9b33ce69e17f771d67dbb7aff0091eb5f13ff006cdbed61e5b4f0cc274fb6e54ddcca1a77f755e5507d727e95e3f7dabdd6b97cf757b733dddcc9cbcb3485ddbea4f35990f5ab70d7f3ce75c418fcd2a7b4c6d472ecb68af48ad17e2fccf989632b6225cd5657fcbee2dc3d6adc1c62aa43d6adc1c62bc091e8502dc3daadc1daaa43daadc1dab091ecd03daff647fbfe20fa5bff00ed5af67af18fd91feff883e96fff00b56bd9ebfaafc34ff92730ff00f6ff00fe9723d586c1451457dd94145145007817ed21a6eb9f05be3e787be31e89a0ea9e2ad2a0d1e5f0c78af4cd2e1fb46a0964d32dc5bde5bc23994c328903c6b9629392a094c564ebdff0531f07f8bf499b4ef855a77893e2578e2e90c763a3d9e877b6b1c131e15af279e28e3b6895b1bd9d81033804d7d274562e9caef95dafe5f91e454cbf10a73786abc919bbb5caa4d36926e2eead7b27aa924f55d51e77fb26fc149ff677fd9dbc2be0fbcbc4d4752d2ad59f50ba40425c5e4d23cf70e9900ec334b215c8ce315e894515a462a2945743d1c3d0851a51a34d5a31492f44ac14514551b051451400515e45f163e297c63f0df8e2eac7c1ff00097c3fe28d0e354306a97be355d31e625017060fb24a576b12b9dc738cf19c571be24fdac7e2dfc1ad1e6f10fc43f82f6367e0dd3d7ced5751f0df8ad757bad26dc7dfb87b57b685a48d07ccde5b165504ed38aca55a2b7bfdccf2eb66f42936aa29a4b77c93e556eb7b5ade7b5b5d8fa3e8a834bd52df5bd32daf6ce78ae6d2f2259e09a36dc92a300caca7b820820fbd4f5a9e9a69aba0a28a281851451401e1ff00b59ffc87347ffae127fe842bc727ef5ec7fb59ff00c87347ff00ae127fe842bc727ef5fc97e21ffc9458af55ff00a4c4e4ae559bbd549eadcddeaa4f5f2313c6ae549aaa4f574c6d34815159998e0003249f6aecfc19fb3478afc6ee8ff613a5da37267bdcc5c7b27de3edc63debd4cbb2cc5e36a7b2c25394df926fef7b2f9b47972a33a8f969abb3cd25af56f827fb276a5f10248751d6c4da5e8d90ea846db8bb1fec83f754ff0078fe00f51ed3f0bbf65ef0f7c3b68aeae231ac6a698227b841b233ea91f207d4e48ec457a557ecfc31e1772496233869f5504f4ffb79f5f45a7767a183e1f57e7c56be5fe6ff0045f794f40f0fd9785b47834fd3ada2b4b3b55d914518c2a8fea7b9279279ac6f8aff001434ff00847e0e9f57d40eedbfbbb7801c3dcca41da83f2c93d8026ba39a64b685e49195238d4b3331c0503a927d2be1afda37e33cbf193e20cb34323ff63e9e4c16119c80573cc847ab919fa051dabedb8c388e1926017b14bda4bdd82e8acb7b768ae9decbb9db9de691c061d727c4f48afd7d17e76460f8ebc7da97c4bf145c6adaa4c65b89cfcaa3ee4299e1107651fe24f249aa10ff005aa90d5b87fad7f31e22b54ad51d5ab272949ddb7bb6cfcee9ce53939cdddb2dc3d6adc3556da369640aa0b331c00064935dbf85be04f8bbc5015ad743bd48dba4970a205c7a82f8c8fa66a70d81c4e2a5c986a729bed14dfe49fe87b385a739bb4137e873b0f5ab70718af57d03f632d72e5035fea7a75967f8630d330fafdd1f9135d5699fb1a69d6ea3ed5addecc4753142b17f32d5f4d87f0ef882babac3f2afef4a31fc2edfe07d0e1f035fac6c784c3daadc1dabe86b3fd943c2f6a06e93559c8fefcea3ff0041515a16ff00b36f84a0033633c98eed7327f422bd2878499e497bce9aff00b7aff944f56961a71dce53f647fbfe20fa5bff00ed5af67ac4f077c3bd23c05f68fecab536c6eb6f9a4caefbb6e71f789c7de3d3d6b6ebf72e10c9eb65594d2c0e21a728f35edaad64df54bbf63ba2acac1451457d294145145006478f759d53c3be0dd4afb44d15bc45ab5ac0d25a698b751da9bd90748c4b27c899f56e057ce0bfb6a7c6bbbf8aefe0b83f67ab18b5f4d2575b315dfc41b58d3ecc663086df1db4833bd48da39ef5f4a78cfc5769e03f07eadae5f8b8363a359cd7d73f6781e797cb890bb6c8d01676c29c2a8249c000935f26cbf117e27f867f682d3be39788fe19eb36fe06d4b449bc33fd83a5dbbea1e26d26d8cf1dcc17f776f1920ee65915a08773c2aea58b1dc179abc9a6acdaf4eddf667cee775ea539d3f675671d57372c534a1769c9b7095acecbeff75d9b5e95f08ff696f88fabfed1961e03f883f0ef41f070d67c3f7bae585c69fe253ab3486d6e2d2278dc7d9e20b91740e413f77a57bd57ce1f07fc45aa7ed3bfb5cd9fc45b7f0c78a3c35e09f06f862f343d3e7f1069d269b77ad5e5edcdb4b2bc76f201208238ed106f755dcd21c02149afa3eae8b6d3bbbeba7f5a1d993d49ce94e529b9c799f2ca4acdc7ddd7e18e97e6b3b2baf930a28a2b63d60a28a2803c8fe31fedddf09be0078d64f0e78bbc636ba3eb714493b5a1b4b99a408e32adfbb8d8723debccfe2e7fc1423c17f19be196bde14f85b69e23f88fe2ff0011e9f3e99616165a05ec56b1c9346d1896e6e2689218a052d97667ce01c035f545158ca151dd5d5bd3fe09e4e270b8eabcd05563184aeb4837249e9bb9daf66f5e5b791cc7c12f00c9f0a3e0c7847c2d35c0bb9bc35a2d9e94f38ce266820488bf3cf2573f8d74f4515aa565647a74a9c69c1538ec924bd12497e0828a28a65851451401e6bf1dbe136a9f11b52d3e5d3dad156d62647f3a42a72483c601ae162fd947c43707f7977a4c23febabb1fd13fad7d09457c3669e1de4f9863278ec52939cf576934b64b64bcbb912a6a5b9e1563fb1e5c4ae0ddeb90c6bdc436c5c9fc4b0ae9347fd927c316255aee4d475061d43cc2343f82007f5af51a2b7c1f87f90619de386527fde6e5f9bb7e067f55a5d518de19f87ba1f8380feccd2ecacdc0c798918f308f773f31fc4d6cd1457d650c3d2a1054e8c5462ba2492fb9246d18a8ab2560a28a2b619e2ffb6c7c573e07f86eba35ac9b350f111684ed3cc76e31e61ff81642fb866f4af8f60aef3f6a8f8887e22fc6bd5258e4df67a63ff67db63a6d8c90c47ae5cb9cfa115f337ed2ff00b5fe81fb38e966ddf6ea9e249d375be9b1be0a03d1e56fe04fd5bb0c648fe69e2dc757ceb3a9d3c3272517c914bb27abf9bbb6fb58fc6f89739a73c54ebd595a10d17cbf56eff81ea7e2ef1ce8ff000ebc3f36abaeea569a569f0637cf712045cf603b963d80c93d853bfe09f5f1c3c21fb71fed11ad78434d8f564d2f41d21f5592fc8587ed656786208884160a7cd277360f18c739afca6f8c1f1c3c4bf1d3c48da9f88b5192e9c13e45bae56ded14ff000c69d1474e79271c926bee8ff836bffe4eebc6ff00f62849ff00a5b6b5f51c39c078585684b30fde3bfc3f67f46ff05e47ca70ff00134b1d9de1f074e36a52959df76ad27f2d979f99fb09e0df85fe1ff0040a9a4e956968ca31e684dd337d5ce58fe75bf4515fb461f0d4a84152a11518ae8924bee491fd1b08460b960ac828a28ad8a0a28a2800a28a2800a28a2800a28a2800a2b03e285bf89eebc09a827832eb43b2f13154fb0cdac5bcb71628dbd4b798913a39053701b5860907b62bc5c7887f6a9f0dfcf73e18f819e298d7aad86b5a96952bfd04b04ca3fefa359cea72bb59fc91c389c72a125174e725de31e65f83bfe07d0f45799fc09f899f127c71ab5fdb78efe185bf8122b5855edeeedfc4d06b10de396c1401238dd7039cb2815e995519292ba3a30f5e35a0aa4134bcd38bfb9a4c28a28aa360a28a280313e247c46d13e10f80b56f13f88f50834ad0f43b67bbbdba949db0c6a32781c927a05009248001240af0cb1fdab3e3478cec975cf0d7ecf7793785e65f36d86b5e2cb6d2b59bd84f475b331bac448e424b2a31cf3b6b47fe0a3b0adbfc04d2355be4697c35e1cf17e83ac788e2dbb95f4c835185e7675fe244f9646078db1313d2bde6d2ee2bfb58a78258e682641247246c192452321811c104771584b9a53714ed63c6acebe23173c3c2aba6a0a2fdd51bc9cafade49fbaad6b25abbddec8e33e00fc7dd17f68af033eb3a445a8584f6775269da9e97a8c1f67bfd1ef23c79b6d711e4ed91720f04821958120835dbd7cfbfb3a5f5bebdfb70fc7cbfd15d25d0a28f41d3af6688ee864d62182e3ed2a08e3cc481ec91fb82aa0f2a40fa0aae949ca377fd58e9cb3113ad439aa3bb4e51bad13e5938dd7adbd2f7b6960a28a2b43d00a28a2800a28a2800a28a2800a28a2800ae7be2d78c07803e1a6b9ac642c9616723c59e864c6107e2e547e35d0d784ffc143bc756fe09fd9f666b99d6dedae6e95ae5d8e024312bccec7d818d6bc9cf718f099757c44778c5dbd5ab2fc5a3cfcd715f56c1d5af7b72c5bf9db4fc59f9d1fb59fed3f6bfb3b7827cd8cc777e24d5372e9f6ce7383de693bec527eac703d48fce2f12f896ff00c63af5dea9aa5dcd7da85f48659e795b2f231eff00e00700000715d2fc7ff8c377f1cfe29ea5e20b9de90ccfe559c2c73f66b7527cb4fae3938eaccc7bd7195f9c70ee490cbf0e9c97ef25ac9fe9e8bf1777d8fe3fce7349632b593f716cbf5f57f9057e8aff00c1b5ff00f2775e37ff00b1424ffd2db5afceaafd15ff00836bff00e4eebc6fff0062849ffa5b6b5f5b97ff00bcc3d7fccf5b80bfe4a1c27f8fff006d91fb47451457d81fd7414514500145145001451450014514500145145001457957c73f899f14fe1d78a6da5f08fc33d3fe207869ad55ae7ecfe238b4ed5609f7bee0914f188644d9b31fbd5624b0c7033c647ff052ef03785e4587e21685f103e145c13b4378a7c3b3c366edd0edbb804b6e47b9900fe5594ab422ed276f5ff3d8f36b66f84a3374ebcb92dd649a8bf4935cafff000247d1145794fec51f1075ef8bbfb3968be2ff0010dd3dcdcf8b67bcd62c95a148becba7cf752c965100a0642da9846e6cb1e4926bd5aae12e68a92ea75e17111af4615e0aca49357ecf55f859fcc28a28aa370a28a28020d534cb6d6f4db8b2bdb782eeceee268678268c4914d1b02ac8ca7865209041e0835f3eaffc137f41d1e36d3fc3bf11fe32f843c2a4fcbe1bd1bc52d169b021eb1c45e379e18ce4fc914aa067802be89ac0f117c56f0bf8435f8349d5bc49a0697aa5d45e7436777a84305c4d1e4aef58d98315c823206320d67521096b3febf23831b83c256b4b1515a689b76dfa5d4a2f5ed7b3ec43f08be0f786be03f806cbc31e12d26db46d134f0de55bc5962ccc77348eec4b3bb31259d896627249ae96a38af219ed44e92c6f095de24560548f5cf4c563780fe28786fe29da5f5c78675ed1fc416fa65db585dcba75dc7731dbdc2aab344cc8480e03a923a8c8aa56568a3a69fb2a4a346164ada2565a2ecbb25d9686ed1451546c1451450014514500145145001451450015f9bdff0007187c5f6f07fc15f0af872d6731dd788269d25456c1f23f7658ff00e39b7e8e6bf486bf1c3fe0e5ad67cefda17e1ce9f9e2dbc3b2dc633ff3d2e5d7ff0069d78f9ed3f6985e47b7346ff277fcd23e13c4ac4ca8f0f5771fb5cb1fbe5ff00fcd6a28a2be6cfe520afd15ff00836bff00e4eebc6fff0062849ffa5b6b5f9d55fa2bff0006d7ff00c9dd78dffec5093ff4b6d6bb32ff00f7987aff0099f5dc05ff00250e13fc7ffb6c8fda3a28a2bec0feba0a28a2800a28a2800a28a2800a28a2800a28ac0f1b7c55f0cfc35bbd2a0f11788346d0a5d72e0da69eb7f791dbfdb660a5bcb8f791b9b03a0e693696ac89d48c23cd3692f3d3f3b1bf5c37ed37e0ff00107c43fd9e3c6be1ff000a4b67078875ed1ae74db19aea431c5049346d1f984804fca18b0e3a815da5e5f41a75abcf7134504118cb492385451ea49e05637853e29f863c77aa5e58e87e23d0759bdd3955aeadec7508ae25b60c4852ea8c4a8241c640ce0fa52959ae57d4cb10a9d483a1395b9d35ba4f54d3b75bd9bd932cf817c1f67f0f7c13a3681a72797a7e8763069f6a9fdd8a28d6341ff7ca8ad5a28aa4ada2368c5462a31564b40a28a282828a28a002b9cf881f077c23f166de387c55e16f0e789a2881544d574d86f5501ea00915b00d7474cb8845cc0f1b1755914a928c5586463823907dc52693566454a709c5c66935d9a4d7e29afc0f872c7f627f855fb48fed4b7fa67853c13a4681f0cbe1d4b25a78965d237d95bf8ab57651ff0012e090b2a1b7b6560d3607cd2b247d15ebed0f03f80743f867e1ab7d1bc39a3e97a0e916836c365a7daa5b4110f644000fcab3be0dfc21d0be037c33d23c25e1bb56b5d234687ca883bef965624b3cb239e5e4772cecc7966627bd74f5951a2a1ad95dff00563caca729a5848babc915527acb952497f75592f756dd2eef26aef428a28ad8f6028a28a0028a28a0028a28a0028a28a002bcb7e39fec53f0aff697f125a6b1e3bf05691e26d4ec6d859c17177bf7c5087670836b018dcec7f1af52a2a6508c95a4ae6188c2d1c443d9d782947b349afb9a68f9e3fe1d39fb39ff00d126f0c7e52fff001747fc3a73f673ff00a24de18fca5ffe2ebe87a2b3fabd2fe55f723cff00f57f2bff00a06a7ff8047ff913e78ff874e7ece7ff00449bc31f94bffc5d76df033f629f857fb347892ef58f01f82748f0cea77d6c6ce7b8b4dfbe584b2b943b98f1b914fe15ea34538d0a69dd457dc8d68e4d97d19aa94a842325b3508a6bd1a570a28a2b53d20a28a2800a28a2800a28a2800a28a2800ac2f88df0bfc39f17fc2d3e89e2ad0b49f1169173feb2cf51b54b8858faed604061d88e47635bb4526935664ce119c5c26ae9ee9ea9fc99f0f7863f618f84bf03bf6a23e12f1a781f49f11f85fc71235d781f51d6da5bf8f4eb88e3ccda2b0999906114cb6e4ae593cd4258c633f607c3df847e14f847612daf853c31e1ef0c5b4fb7cc8749d3a1b28e4db9dbb96355071938cf4c9a87e2f7c20d0fe387831f42d7e0965b5fb4437904b04a61b8b3b886459229e1917e68e44750430f71d0907a7aca9518c1bb2479196e51470739aa54e2a37bc5a4b995f78b76bd93f85df67cbf650514515b1ec85145140051451400514514005145140051451400515f98ff00b476af7717fc1c3ff0bed56eae16d9f4db72d089088dbfd1af3aae715fa715851aded1c95be1763c5ca33858ea988a6a1cbec6a386f7bd9277db4df6d428a2bf323f6e1d5eeedffe0be3f02eda3bab88ede4d334e2f12c84237fa4dff519c1a2bd6f6514ed7bb4bef0cf738596d185670e6e69c21bdadcf2b5f67b76ea7e9bd1457e27fece7fb135bfedff00ff000509fda0741d67c63e25f0edb78735fd4ef206d3e40c5cb6a52c7b487e0003d2a7115e54dc6318ddcbcec72e7f9ed6cbea61e861e8fb59d6938a5cca3b479b7699fb61457e73ff00c43a9e15ff00a2b9f113f286beadfd84ff0062bd3ff616f853a9f8534df11eb5e278353d5a4d59ae753dbe6c6cf0c3179636f1b40841fab1a74ea5672b4e165eb734cbb30cd6b5750c5e1152859fbded232d7a2b28a7afe07b5d15f919ff000529f83edfb4a7fc16a3c23f0eee75dd5f43d37c4ba35a432cf632624876c57326554fcb92500e7d6bd6ff00e21d4f0aff00d15cf889f94358ac55594a51a70bd9db7b7e87930e26ccb1188af470383538d29b836eac6376927b38be8cfd18a2be56fd843fe0963a2fec27f12b56f12e9be37f14f89e6d5b4c3a635bea7e5f951299639378dbceecc607d09aa9ff0005c4bd9b4fff008268f8fa5b79a582559f4cc3c6c5587fc4c6d87515b3ab28d275271b357d2ffa9ecd4cd713432cab8fc651e49c2329722929691575ef256d7d343eb4a2be7cff008253dd4b7bff0004eff8512cd23cb2be8a0b3bb16663e6c9d49afa0eb5a73e68a9773d2c062beb385a789b5b9e3195bb5d276fc428af983fe0b37793587fc1347e27cd04b2432a4161b5e362acbff131b51c1153ff00c11d6ee5beff00826c7c2e9679649a57b4bbdceec599bfd3ae7a9359fb6fdf7b2b74bfe36383fb617f6b7f65727fcbbf69cd7fef72dad6f9dee7d31457e5effc1c9bafea9e1fb7f8252e917b7f65782f356689ed2678e4f300b12841520ee07a7bd7d01ff0493ff829047fb67fc3397c33e2a916cbe29f83e210ead6f22f94fa944a420bb54e30dbb0b2a81f2b907003a819c7191f6ee83d1f4f33cea3c5b8696755324aab96714b95b7a4af1e66bc9a5b2d6e93b6d63ec2a2bc27fe0a737325a7fc13f7e2dcb148f1489e1db82ae8c5594e07208af32ff82125f4fa8ffc1387c2d2dc4d2cf29d475205e472cc7fd2e4ee6b475ad5952b74b9e8cf3851cda195f27c54dcf9afda4a36b5bcef7b9f61d15f999ff072aead75a57c2cf8586d6e6e2d8beab7c18c52142dfb98bae2b621ff0083763c2b2c28dff0b73e218dca0f486b19626a7b4953a70bdadd6db9e462388f1ef31ad97e0709ed7d928b6dd450f8d5d68e2fb33f46e8af867f67aff821c7873f67bf8d9e1af1b5afc4bf1bead71e1abd5bd8eceec45e45c15cfcaf8e71cd7dcd5d14a5392f7e36f9dcf7b2bc4e36bd394b1b43d9493d129a9dd5b7ba4adae960a28a2b53d30a28a2800a28a2800a28a2800a28a2800a28a2800a28a2800a28a2803f2fff00692ff958b7e16ffd832dff00f496f2bf502bf2a7f6ccf1e68bf0c7fe0e01f875af788b55b0d1345d3b4ab692eafaf665860b7536f76a0b3b600192073dc8afbbbfe1e37f013fe8b17c39ff00c1edbfff00155e7616a4633a8a4d2f79fe48fcff0085f1f85a18acc635eac62fdbcb4728afb31eed1ed15f981fb73ffca7f7e047fd8334dffd29bfafd07f845fb4bfc3df8fd737d0f823c69e1af15cba62a3dda695a84774d6cae4852e109c0255b19f435f9f1fb73ffca7f7e047fd8334dffd29bfaac7493a7169fda8fe66dc6b5e9d5cbf0f529494a2ebd1d534d7f13ba6d7e27e9fd7e247eccbfb6e1fd887fe0a23fb436ae3c13aff008dff00b6fc41aa59fd9f4a387b6dba9cafbdbe56e0f4afdb7afcc0ff00823aff00ca50ff006a3ffb09ea3ffa7696963549d4a4a2eceeff00232e33a55aae3f2da787a9ece6ea4ed2b295bf76fa3d19d5ff00c3ff009bfe880fc48ffbefff00b557dc3fb3c7c5ff00f85fbf04fc37e323a3dee81ff090d9addff675e7fafb4c92363f039e3d075aece8ae9a54ea45de73bfc923e932bc066342a3963315ed535a2f671859df7ba6efdac7e42ffc14a7c6be2df875ff0005baf076b5e04f0f47e2bf16d868b68fa6e92f9db7ae62ba52a7041e10b1ea3eed7b57fc37cfedadff0046c9a77e737ff1eaf39fdb33c79a2fc31ff83807e1d6bde22d56c344d174ed2ada4babebd996182dd4dbdda82ced8006481cf722beeeff00878dfc04ff00a2c5f0e7ff0007b6ff00fc5579d4a37a953f79cbef3ede5dcfcff2aa0a78ecc1bc7cb0ff00bf97baa54d5fdd8ebefabf969a6843fb0b7c65f8adf1abe1deafa87c5bf0041f0f75bb5d44dbd9d9445b1736fe52379bf33b1fbecebd7f86bcd3fe0b9fff0028c9f1ff00fd77d2ff00f4e36d5ee7f0bbf6bcf85bf1b7c4e745f07fc41f08f89b5710b5c7d8f4dd522b99bcb52033ed5627032327dc57867fc173ff00e5193e3fff00aefa5ffe9c6dabb2b5bead24a57d1ebff0c7d6e6ee3feaee2631adedad4a6b9ef16dbb3df974bebd0ecffe093dff0028e8f84dff006051ff00a364afa1abe24ff8269fedc9f073e1bfec25f0cf43d7fe27f81f46d674dd2445776579ac410cf6efe639dae8cd90704707d6bde74dff0082857c0bd635182d2d7e2e7c3eb8baba91618628f5cb76795d880aa006e4924002ab0f5a9fb28ae65b2eabb7a9d190e6b818e5b8683ad04f920adcf1bdf963a5b98f3eff0082d2ff00ca327e28ff00d70b0ffd395ad4ff00f046aff94687c2cffaf3bbff00d2fb9a83fe0b4bff0028c9f8a3ff005c2c3ff4e56b53ff00c11abfe51a1f0b3febceefff004bee6b3ff98cff00b77f53817fc95dff0072dffb94f96ffe0e40ff009097c04ffb09ea7fcec2b4bfe0ac3fb17f893f672f8af6bfb52fc1457d3b5dd0a7fb6789ec6d932920e8f79e58fbd1ba92b70bdd5b7ffcf46acdff0083903fe425f013fec27a9ff3b0afd3cbbb48afed658278a39e09d0c7247228649148c1520f0411c60d63ec155ad562f7f76cfb3b1e2bc9296699b66987a8f9649d17192de12507692f47bf75747c4df16bf6cff0dfedcdff00047ff89be30d0992daf57c39716dac698d26e974abb0a0b467d50fde46c7cca4742081abff000418ff00946d7857fec23a97fe95c95f0e7fc14d7f647f15ff00c1337c65e2cd6fe1c34abf07fe2fd8cda36a16382f069b2480b0b671db69cbc0fd400e872036ff00b8ff00e0831ff28daf0aff00d84752ff00d2b92a30f5272c528d45ef28b4fcf5dfe673e459862f11c4d0a1984396b52a338cbb4bdf8b538f9496be4eebd3c33fe0e65ff9255f0abfec2d7dff00a262aea20fdbe3f6d458502feccba7950a00399b91ff007fab97ff0083997fe4957c2aff00b0b5f7fe898abecfb6ff00828cfc055b68c1f8c3f0e810a011fdbb6fe9fef5371be26a7bfcbb76ede65ce8a9f11e3ef8c787d28ece0b9bdd7fcfdbcbbea703fb0dfed39fb42fc69f8b1a8e97f16be0f5afc3ef0edbe9325d5b6a31193335d89a15587e6918731bcadd3fe59f5afaaabc8fc3dfb7d7c12f16ebf63a5697f15bc03a86a7a9dc4769696b06b50492dccd230448d1436599988000ea4d7ae57a146dcb6e6e6f3d3f43efb26e48d0f671c4fb769bbc9b837aec9f269a74ea1451456c7ac145145001451450014514500145145001451450014514500145145007857ed0bff04d3f827fb557c423e2af1ef82bfb7b5e36d1d99bafed7bfb5fdd2676aec86744e371e76e79eb5c37fc3907f65eff00a263ff00971eadff00c955f575158cb0d4a4eee2afe878f5b8772aad51d5ab86a7293d5b708b6df76ec7917ecc9fb08fc29fd8e6ff0057baf871e15ff84727d7a38a2be6fed3bcbcf3d632c506279640b82edf7719cf39abbe3afd8cbe1afc4af8ff00a0fc52d6fc37f6df1df86628e1d3753fed0ba8fecc91b48e83ca49444d8695cfcc873bb9e831ea14552a5051e54958ea8e57838d18e1e34a2a117751e5564d3ba695ac9a7adfbea15e5ff077f632f86bf007e28f8a7c69e11f0dff0064f897c692c936b379fda1753fdb1e498cce764b2b2266462df22ae3381c715ea145538a6d36b637ab86a35270a95209ca0ef16d26d36ad75d9db4d3a051451546e7857ed0bff04d3f827fb557c423e2af1ef82bfb7b5e36d1d99bafed7bfb5fdd2676aec86744e371e76e79eb5c37fc3907f65eff00a263ff00971eadff00c955f575158cb0d4a4eee2afe878f5b8772aad51d5ab86a7293d5b708b6df76ec785fecf1ff04d6f829fb29fc413e29f00f82ffb075e36b2597dabfb5efeebf74e54b2ec9a774e4aaf3b73c75af46f8e9f023c29fb4a7c32d43c1be36d2bfb6bc37aa344d7567f699adbcd3148b2a7cf0ba38c3a29e186718391915d751551a5051e4495bb1d5472cc1d1a0f0b4a94634ddef1514a2efbdd6daf5ee7ca3ff0e41fd97bfe898ffe5c7ab7ff002555bd0bfe08b9fb34786b5cb3d4acbe1af917ba7ce9736f27fc243aab7972230656c1b920e080704115f51d151f55a3fc8bee470ae18c9d3bac253ffc023fe472df1a7e0b7867f687f863aa7837c63a6ff6c786f5a58d6f6cfed12dbf9c1244957e78995d70e8a7e561d31d3229df06be0df86ff67df867a5783fc21a6ff64787344478ecad3ed12dc792af2348c37cacced97763f331ebe95d3d15af2ae6e6b6a7abf56a3edbeb1c8b9ed6e6b2bdaf7b5f7b5f5b773cbff690fd8cbe1afed732e80ff10fc37ff090378625966d30ff00685d5a7d99e4f2f79fdc4a9bb3e547f7b38dbc63273ea1451428a4db4b5614f0d4615255a104a52b733495ddb4577d6cb6bec73df15be147877e38fc3cd57c29e2cd2adb5bf0f6b70982f2ce7dc1655c8230ca432b020156521948041040359df017f67ff08fecc7f0dad3c21e07d23fb13c3b6324b34169f6a9ae76348e5dcef99ddce5893cb71dabb2a28e48f3735b50785a2eb2c4382e74adcd657b6f6bef6bf43cc3f699fd8d7e1b7ed89a569563f11fc37ff091dae892c93d927f685d59f92ee02b1cc12465b2147dec8e2bc83fe1c83fb2f7fd131ffcb8f56ffe4aafaba8a89e1e949f34a29bf4387159165b89a8eb6230f09c9f59462de9e6d1f32f81ff00e08e9fb38fc38f1a68fe22d17e1d7d8b58d06f61d46c2e3fb7f5493c89e191648df6bdc956c3a8386041c7208afa6a8a2aa14a10d2092f43a30596e1307171c2528d34f57ca92bfad828a28ab3b428a28a0028a28a0028a28a0028a28a0028a28a0028a28a0028a28a0028a28a0028a28a002be77fdad7e386abf06ff69ef82cb6b6de2cd5b4ad563d785fe91a0c0d732df98edadcc4cd08601c46cccd93f7724d7d115c8f8bbe0c697e34f8b3e0ff00195d4f7f1ea7e094be8ec6289d04128bb8d2393cd054b1c08c6ddacb824e7359d58c9c6d1f2fcce0cca856ad479284ad2e68bbf92926fd74be9d763c67e107ed0faafc5bfdbe2fb4bfecdf1c786b42b5f0025d0d275eb46b2592e7fb44afda122dc413b084dfd7823b55cf190d77f693fdacfc4fe023e2cf11783fc23e00d174dbeb98340bc3617faedd5f35c9566b951e625bc496f8db1152cee77310a16bd697e0c696bf1e5be21fda2fff00b69f401e1d306f4fb2fd9c5c1b8dfb76eef3379233bb18fe1cf3583f18ff0065dd2fe2bf8d2c3c5565aef89fc15e30d3ad0e9f1eb9e1eb98a1b99ad4b6ff00b3cc93472c33441f2c1648db6b1254a927393a73e5b3d75f4ba3cc960317ec1c2a3e7fde39357e5e6874574ecbbdae93b59bd4e3be07ea7aff00c20fdaaf5af8557de27d63c63e1eb8f0cc5e29d22eb59985c6a5a57fa535b4b6b2ce0069a363b5e36932e36c8a4b0008f3efda0efb5df0c7c79f18ea5f11afbe35e91e028d6d9fc33ac781ae263a5e936cb6c9f687bd86d374c6513f9ac5e68a48bcbd98c00457be7c10fd9b746f821a8eb3aac7a96bde26f137888c7fda9af6bb74b737f789102228b28a91c7126e6db1c48880b31c649358ff00133f656baf887e20d5eeadfe287c50f0e69dafaedd4349d3750b57b4917cb11b088dc5bcb2db8651c8824419248009cd29539f25bcfbfe1e6655f2ec54b06a9a4eea4da8f3269277e58c9b6b992f2926afeeb7ca883f69cf1e3e9dfb0378ff00c4de17f105cdcbc1e02d4353d275bb69c09a5234f92486e92440a371f95c32803272315f3bfc34f8c3a3c5e33f8509f09be30f8afe24f88b5ad52cedfc51a1cdaf3f886ca2d39e226f2e262e1cda342406460e996c261b762beb2f117ecfbe1dd77f672bef8590c773a57852f3c3b2785d12ce4026b4b36b636c046ce186f58cf0583720120d755e1bd060f0b787ac74db62ed069f6f1db46cf82eca8a141380067039e0539d294a49deda7e37e9ff0004db1595e27118885472514a114dae66d494949f2fbc96a95af252ba76b1e49fb4b78c756f0e7c7df80b6161a8ded9d96bbe2abdb5d460865648ef625d1efe554900e1944888c01eea0f6ae63fe0a67e10bcd3ff00662f1c78ef48f16f8e3c37ae784fc3d717162ba36bd71636cd2202caf2451b0576c9c64f60057b0fc42f831a5fc4af1bf8275fbe9efe2bcf01ea536aba7a40e8b14d2cb6935ab2ca0a9257cb9dc80a54ee0a7246417fc74f83da67ed03f07bc47e09d667beb6d2bc5161269f752d93a25c471b8c128ceaca1bd32a47b554e9b929aefb7ddfe66b8ccbeb56a38aa7fcebdcd5ab3f6765b356f7b5fc487e0c7c2483e1268335bc1af78b75efb73aced2ebdaccfa9cb11da06d469492abdf038cd7ca5abfed973db7ed333fc461e3db04f871a6789d3e1ecbe1a3a944165b624c32eb5e56edc59352648f701ff1ef13b7439afb435dd11b59f0cde69b15edee9cd776af6c97768cab716a590a89232caca1d73904a91903208e2bcc6cff00617f85b67f0497c047c21a2cda40d1ff00b15ae65b285afe48cc5e5195a7d9b8cc412c64ebb8eea5569cda4a9e96fcfa19e6580c54e34e9609a8287bdab96b25f0ad1b76ddbbb69ded6d0a5ff0512f196adf0fbf62af885ace87a8de691ab69fa7092daf2d2568a681bce8c6558720e091c7ad7b4d79e7c47fd9c34cf8adfb35dcfc31d6b59f10dce997ba5c3a55c6a9e743fda732c6131333988c6656280b1f2f0493f28a6fc2af813ac7c36f12bea17ff14be22f8ca0781a1161ae1d33eccac4a9120fb35942fbc608197db863907822fdee7bdb4691d915898e33da725e128c57c4bdd69c9bd3aee95d6f63d168a28ad4f5028a28a0028a28a0028a28a0028a28a0028a28a0028a28a0028a28a0028a28a0028a28a0028a28a0028a28a0028a28a0028a28a0028a28a0028a28a0028a28a0028a28a0028a28a0028a28a0028a28a0028a28a0028a28a0028a28a0028a28a0028a28a0028a28a0028a28a0028a28a0028a28a0028a28a0028a28a0028a28a0028a28a0028a28a0028a28a0028a28a0028a28a0028a28a0028a28a0028a28a0028a28a0028a28a0028a28a0028a28a0028a28a0028a28a00fffd9656e6473747265616d0a656e646f626a0a34312030206f626a0a31383434310a656e646f626a0a362030206f626a0a3c3c0a2f54797065202f506167650a2f506172656e742033203020520a2f436f6e74656e7473203434203020520a2f5265736f7572636573203436203020520a2f416e6e6f7473203437203020520a2f4d65646961426f78205b30203020353935203834325d0a3e3e0a656e646f626a0a34362030206f626a0a3c3c0a2f436f6c6f725370616365203c3c0a2f504353702035203020520a2f435370202f4465766963655247420a2f43537067202f446576696365477261790a3e3e0a2f457874475374617465203c3c0a2f4753612034203020520a2f475374617465372037203020520a3e3e0a2f5061747465726e203c3c0a3e3e0a2f466f6e74203c3c0a2f463432203432203020520a2f463433203433203020520a3e3e0a2f584f626a656374203c3c0a2f496d3130203130203020520a2f496d3134203134203020520a2f496d3138203138203020520a2f496d3232203232203020520a2f496d3236203236203020520a2f496d3330203330203020520a2f496d3334203334203020520a2f496d3338203338203020520a2f496d3430203430203020520a3e3e0a3e3e0a656e646f626a0a34372030206f626a0a5b205d0a656e646f626a0a34342030206f626a0a3c3c0a2f4c656e677468203435203020520a2f46696c746572202f466c6174654465636f64650a3e3e0a73747265616d0a789ced5adb6ee336107dd757f0b9406cdec40b502c103b76d1022d10c4401f8a3e04d91b169bdd4d7781fe7e2951b2e939962829deb5baad9258f6989c19ce191e92a32c7fbabb676f3eb3e5faee137b68eeebbb42301e7eae04938e39a1d9c363f1c49e8adbe236bc56f7a7822f6cc9e35537a69f4397566b147c7ef8502ca3bd224aeed6bf054b7f33c97e097fbf06c93bf6c79fe1f6b2b154357a2c4ae51665abf87dfad13a1304877bf5f5dbe2f71fd887f93b78a5177b77d2f7419d564792f7b5c4ba760041907eddf9c5b18effe3d21b97bcc78936f8181519666a1db2ed646a1dfb8fd6f2856c3b19fad17c4b909e4e77ff72ffe595ad540cf24038167e8d93cc7bcffe7a55bcaee0ffeadee73c6f1505c716265cced60d051376a1eacbb3abf895315c757ab357d9b0a1ac5e65e53d5bfefc283863371f63280718145c98a99634588aedbc77adbd743c89d5ac41c95ba6affc6decb9bc3d1b907cae1d293bec88a3e18c82aab5731c41693a2d550339830585d9905a18867e87ea2ef88fc3f42c132de2ddb3b29332ee07d385952573211cb2f235e18bb8a7e833fdecbd40ffb8be21d92ebc6aaecef7a3e3eadaa8b6211dd84bf0302fa6747415b525100e439f7be878088b33cdd5f97e7458022d495732a3f9c801868e4689691dad9868d18615745247e7d471c7b1193d32f6d97c3fd0145f68c7adf152b55e6827b9d3c607ee719a918563a4234ac8c8658a57eb6df51ad94c73ca660b95ccb4d3ef8f8638a07d1500be0f403af8894657bb62b9d59249cd76afd9fe0056dd768f853415db87acdcbd643f0614c50bb67b5708557d1b25b296988340c526e541a2a3246933404d199bd83e35a696244d2c747260c947893c48aea3441f24ab5a920c614d2ddd80de4d2dd9ec42025c10c8b0209b5340d67b4fab08008202e0298e00a3a610798a87e03d4a2c55e2a8009578aae41a9aac68faac01d30903443b661620cb1e90551873e3ec96822c38898110340631d68ee2937491b4c50d0d6c9c098a460d3227f54c11ad42d3092668bae54723c03015084bed5aaa1402e0c7b700c13515aca8603dff4cd3aa134f488a1378027c59b41ada4a526d45f1a4d929203b210536744140cfb634e757f347c7cac659c9293a92c671021690d352ce3e269a8b11a06753e91c0424156c24b27cdad89d75a4d57e801ab801d6074aa0b8e86467b12c095a123687c0b9e393fec454b2f3c7a2f4640b9dacbb40cb987e9463311ff3c40d900371d3a93380a33a581956f784a31c3d43a0997344447aea09f80a29aee79f48ce756e2de5f5e88de394f94737f192ee9be43ad702b75a9418b00becdfe63febcb700a6e8673030c9c275c9c0580052ca1a8164e136b3a2ff2fb0c001472804e366c0182edfcf1d3a6738b8033274b5103c8323b3f2f9602702683bde7bf3605faea35a52d3b97202c4d4039030a1e1b1a6828c66c014fb08359410d374bb9e9b623a86bcdf11ff827e902a77f10cca336d307a8117e44a4b112d64c84b40dd4acbecfaa9631adb30ab6e003aa5ab06183f58ed69f90b72690df806a047846e97180eff33878f725bee56da9a82996a55183040576f0f9a93184a88053e67f8eb6baade62a018183cca0d985871b28dee6d76bb03274665c3aaebd09e9ec71d0d2c4418284271df0bc017276056ae75fd175b23de0a9381e4be70a24caa587d307b2b3fb721f1e81609d0441fef1d690f5183b219bc1fe084912e96d93db87753e26bb34667d29e8455bb63e4178b0f2c1a106564fe8728e126dbe563cc191ffca8309af4537c2b03f82d362f6500a91562a87b0c21a757ed5cbeedca63f43e93be942c1cbd28486a2271c7d6917343bffb5ca5b7ece341a4003b410a5ca2c9c13ba0ccd801a9bf69f18bff27f12b2dbe21fcafb93de656e6473747265616d0a656e646f626a0a34352030206f626a0a313337340a656e646f626a0a34382030206f626a0a3c3c202f54797065202f466f6e7444657363726970746f720a2f466f6e744e616d65202f5157424141412b417269616c526567756c61720a2f466c6167732034200a2f466f6e7442426f78205b2d3539342e373236353632202d3239302e35323733343320313739302e3033393036203933302e313735373831205d0a2f4974616c6963416e676c652030200a2f417363656e74203635312e333637313837200a2f44657363656e74202d3138382e343736353632200a2f4361704865696768742030200a2f5374656d562036352e34323936383735200a2f466f6e7446696c6532203439203020520a3e3e20656e646f626a0a34392030206f626a0a3c3c0a2f4c656e67746831203138313438200a2f4c656e677468203532203020520a2f46696c746572202f466c6174654465636f64650a3e3e0a73747265616d0a789ced79097453d799f0bb4f920d06131b639b8081676cbc80bccab6f08a652db6b065d9922c6f10ace5c9922d4b428b97b00487cd1042096dc80a8484c90a0934cee6241342f32769529aa669da246dd2b473d2b4d365a69d76a613903cdfbdef3d492624a7d373e6ffff39073fbff7eef2dd6f5feed5a3104551f3a85d9488a2f4c692f2251b37ef819143700f0cba271cfdef5cca83f6ef282afd49276bb13b3ed3c25cc6fd3056e58481e4b1b467a0ff23e8e73a4782e3ff7224fd0af4ff0afd0fdc5e9b65eae8eea31495f903e87b462ce33eaa861aa3a8a58dd0673c9611b6a8ecf3df437f80a28a6fa544a22974849250f324f74a64148596736fd1bb94835e3c4f422f4810d3f84ffc29553c7b811aef072cf3e1a64c3a25433552ccec15c97b914e244b6c40df6ea4d0ecec2c4589f3242f626a543a456361257081b48914959d9a9dba061e8812535718d1852b8d12ea32c5882f0069ea18ac5c2b99c1c0b254596a76fab18bf40f25335ffcdb593cfb0a3c266156c4cdbe7211663430fe28acda0be3f3f178767a36b91f157d7ce533fa5cb843327336527336ecc0181e04c85f03e48278c8ecf407c5b9574e88d65d795fb407436f3813493e0bd0a06fc92a01af0c01c91c947aff1b227ae68d2b11c9cce549f12d5f68c4bb2eef02d8d300bb5ac00cb831303c4f5fa4bfb878319c2099093f4cf77da1a19f0eeb289a52cdfe5a9c2f6ea052a96c8a4a4b9157c9323233d29724262426e4accecf4b5b9299212b9757c9f3f2f3f2614c757aeaf58f0edd56df101a3bf8e9d4c1177a7ba6f6f6f520d4d3b777aaa7974e4379df1845878f84bf1f1c6b547ce3305a74c9ee7038de7d6dd08e909d05ee36ccfe5a741ee86d006af20c0e7925464e2e790590824b569e0973998930940354d31348975c31de367cfb06b572fbf6ba3a549177f4f5365d7e21ca5e555db8b1c5b87de0a6a2a2d4730bab6b9d3b2a2a516646c9f23dffa8db285d575169b36f7fc7ed41f559c3d5d5b232757d4e665e595eaea2b15dd3505bb832333d37b7be6170696749312a2894e764ad485b9053b16a75fd86fe3e7dc73aa9b98b029ded8fb8c4d920c352aa00a44895a5c73826cce50373f9a9a22571d2c1e8fed3d51bb5ce29e7605505aaa9f56ebdb95fd3529c6a348c8d9bbb90a12b10ecee8db8242f1fec2c2cd034ef9cbcebf4e46e7533ca5b531bbe2c3afd7d8bd561fff15b0e50e3901bf330054e54473c103c39ad52962e023b4f4d4f4f8b7ffbce3b97d3c579973f026de7cefe915e2bb9875a4e516b3213f213888e53732a65a972603b2795e8559e41a72cd3d55aabaa3232d19e3d4f3ff30c5a302f7349e18a532753116256c9ca1ea26d8750a23b72fba1f0377519990b17218479d082ef64811eca2935e0e7ad2298105f95159cfd12f339ab0a264c07d564e6e489f0145c99c0862c832c11d5b1fd9b87ce6dde827257d756b754b83f7422997a6a576d43d6b9ccf572e7e0c1fd6653617eeafc8549392fadc8b0bee62d2e59ba0ca1f555ae4143675e16da6d5e9d6336ed6b5734e6e72f495e74e39adc0523c5f5685db16fa9af599db706ad624acbb52563ff7ab9495527479f142e4f4d4b5f5350dc525a8a4aa41df563a0b5dda05b792cba774f93e8a6a91310b361184fa15690a8157c1244803c027d4e629039fb045d7847fbf0466dd13a8446c7236f45a6d0b6173bf4c5256de5bb230724332839ad4cd6bfc9fdd2aedd287c468450b37a57bfb2312319ebb515f4ba12f4ba9cca054e3279c5a6a6705e96ba241153c60a43d9bc6f896e9a291a1d7ffe3753070e1ef8f8fdfdfbd1955f27f5f6ecb3366bc21fd19dc9f2eea91d463332679eeeed3b721889d1823bbf75c7d1c817a9abce6dda8c2a2bd09d7b558308198c3833ed05165e07ea69447adeb713393b26a4a7ee7db0beaa6243df9686a6a6bae2d2b495e2bc53be35b9358fe4a3d5b91b06fce11f611cfb21c5fe8a48c0e1e0a323231d5211d150fe6a8c6bff83a18f073af560cfa4e9f48c8aaa96a0c124cebbeba9d5b9f2ea36d9f67080de37b2be2a7b15d26e7c3bfc12b60c648f4fc57958ffd995442bf8aa0423618fe2325515b876aa68c38e1f6de930e615deb0607a41ca7a796767b36655169abe7f3a37677d654745903e1a7efaf6b2e682c2b5055acd01ba1ac285e33b210ff89646659763ce09ff98772e4d113d904ece6a4e29fb4f95990cc321dd4666c7dbc7cd5d4fa394c5c525f55bb51ba7d13aa95db7a1296b8538efcef6d2625456de3dd3ddfb4c389f3eee2e2d5e998590b6eda1f05df4b7c7ebea0a0adb7477843f040fd837fbb918e7fb25d803b27340208e117ca5803b24e48b1270e0027f151c17a8e89169ff794b6f77b51cf4b57fffcb2f0fd1a8d274741427176368accb0c89ff2f87517ea1466b6703913f7ceb4e74021d7ba5eb10424ec7db3fb0d91c4eec7b2f801af68186637905ee172e5dba24eabd74e9ca23972e81967e0e80972517a8858437ec1795585332faf2b4c2356cbc6babaf3428deb6a1be61d5931a877d005658207232248f40e400ceec74ecb10989395c96b0889eb97dea606bd50d2f88148ddb260e88bf387be8cefff86be4ca0b1f9df9f73f7ff6cbe3b0be0ed62702c57cc833e9d97973f2cb6a3ebf101b2d49e4734aa238f18a9ccecc3576dcf7872e539b6edb6e5d3b7a61f18eedefbeb76d5bee1a43d7ab0f1697ac387bb6b1de3630b0f33b41bf63a855dbde7e30edfb1e7768f44cafc9bc79cb43074aca4b411306b0c68d407d15554a35817eb0cbe5f1043129be2a91ec07e36909b1c48fb94b177169366e080d6dadac42c1c02b174221545135b2bf59b377df071fedd987d0c6162b52298707554d48a9763895aa1a9497dbd2629c34995057f7adbb0c26d1f2025debf049cf8877eb4947abaea0c8629d7af9965d93b7bc7ad83a804ccea6a6a6c6019b4ad9a4ec0ff7eb5a5aa02e1a0d9393e62e9309fbb879f633b0c5056abd508185b4959028e722a8828bcfa856f9ba96c1890bce97679e5ed5aa75efecedee346c97b52d59bc20b0a91f29552e97a6396d3a3b147a729cb5cb2b904c66bfb5a505dd76e8c71777ee42bb97dea354a1deeedddb3bf508a59da0ebea76d8148da8a9690f33cdda64953dbdf62dededc52b6fda72f8c2de7da01ee0b66bf657e26cc9c3380e08b782163906d360d72422a18139c3f5adebe5745d9bfbd6be3ed4d5735bb7a639ffb1c3f487e1e7f4bb8f5ed8b307056efff39bc0c9ae9483505aad9687eeeded818868c8a0ff782632da8ff6eefbc19b479e4668ab0f224133fbb9e8e7108319541e976d48f5acac88ee4f202ad19298fe708214ad675fdbe51aaea9adac181eda3dd0da5af2749831778d8e1a0d26d3b6097de7be13a859b373fbe913bb27d5ea82b58df422d8892dbe64679175e0f50f071dc862c5361a99fd95e405c97b14de0557ae4915f614f1d4b9dd11af089c849670b51ce73f511b3d72e4aebb1ff8f0a9f37d7d7d3d8f3dfad39393b76cd4e63d955d56deb7c9b36fc05a5397bd5ea59cdc7574e7f87803bde10c0a7feaafae459bfbcf3df5c18f679eefef9355f66ffa56a917cae81ad8093535e90f9cf83fbbf7342a102a2f598f5281473de4e2df43aecc89ab516931fe127957c7c51d1b4d54777ee5e8f893d8c7abab43818367bc23cc53cb1a14bd074c66040eba67a85983f6663e37e8846d63d299c949456377ef03cb87e45516eb7b3f19b022051c1ae8d930ec6e7bc12a89d4228aca41329423ca16a5658bb0fb8a68d9bb74cfc74f84ef3bf521fae33dcdd92bca71e5462f4554741f3af6fcf8edb7815d15914ed13f03df6ba84a3899c4ca4625d171651ebf53813d52c2d5bb60217c1d4f25c994c1ed6ae58dc9634ffd747c1cad97bb060fbfb8ed6154261bf13cf04a70f45ea361e7761cb13d13e32653cfb2ce35e5e565fdf27387d089e39fdc75eb2d20eb5dbbae0cfd75d05957673689d6bd3b303070d3a5efd86cd8fe3465828c930a319a89331ede95c3256c9ee8285734c7556a0ae7055d5515c3ce53a3bd3db535d9d9a8a2d235fcc08f268ece20b371c736b3c964deb143bb997e0f891e38dedd855071594fff2db77e18091f7fa0abfbeee7d0f1c8b1d17110c5895ce3a3c8b50f2c7c3754c31bc87e07ef7610d44139ca86c287e0f07137ca45fd25993756a22d48f262c4fc54a407ce217f3adaacbf5f7405ce226f5fae147f7a9981ec796c7656fc1bc08277cbd5b17d533a9f5232f9949d8fb23933705ecdefa7c8c5efa98ed1798f3aecb5d532d9e0de160d14d646c516eb6d916fa2fac9f55a70d3d5b98d4dc7233f452337e5298b8a5664a1b5ebb46db745cec26e6b5d71ff4df62d06a32cffa62db738bb7b4b4b61d32832a466c8643aed7a797a1a8aa8c3fd68de8215595515cd9d0db5cb9682fca550756688afe1b362253ea1d1699115e28391e592e4b367bff83780c98e7488fe00f5320bec944f1c9d5c489686d59526439c1325dcb2a4a6a82e373733255fbc303272f1e3b5392ba5ff341d712b72cbea37745546061f836492b666f9f00d2bc405e17b4293dbc6e8e1cb6f9e53f415ac454047819ea787e811bc27c515544117a2e79f7906fb8a27d291f8bee47d6a3315e276e1dc369f7364b26b90cb44243d707b6c7e8bba3a2e698871f54e881e5db8d58be555bca55284719ceee41957edede1121f68d27776f69a4c70d83276dc3ce13777e8ab573f7d64657adaca8aeeadaaa62ef3638f5ffae7572f0e0d0fbbdefeee5f50c2f973bdcfc8b6ef78fc893f7ef2e24b7bf6284d889df8e5cf91e23fde782d60f9deb31fa8d74ad3164532158d5df20df535f235b94a954521afa9a85ac53cd45a548260d3ea764f9e3875b2438f8a4a36dd17b61cba6179da12d4a09fda7be4e1a37774778f78bef7fddffce5fc799c5d7a7b76ba463c0d0a54bd3ee8bff3e59ffef96374c39123c8eef8ee936f453ef9c5db283d3d7f29d21d68d3219493ddd4e4b00f4eb5b6a255d92d2d834e9c8f67e0b19fba444e04b01f9ab944f64178978bcff03772e7047e8bc6ef7185fdf2fee99d1746bbbbf3d64cd7d40d75689a57ae848dd89fee40c52506e37de12df4a9fd0df5a8609da6657bf845b0e632f0b914c0994425735e8764e4a4264a45f4b1f01efaf8375f7f7d3a0251f70fa267af6cfc87c8295a4cdf191e86955dfc2e652d5513572b7953f12903d70fee14969a22a41154113b6463e3face6634d45b0d8df58505cb97a3aacd5bdccfeedcb9e7d6370e8f8f36d4d7378cdd7ceaacdb437fcf600a4cf4f4e2e4b2dda047c6949be5ebe1b0aad8e01edeba70697745d59e3d1f7c72600ab5e90e7f23f2a7c8e70f3fd2dd3d7093a8f25ed82858acf71feaee05b37463ff3d05191d6214f6f46b4976e094c8efab32d37244fc6f033939424a20ae977d8a3ef89a8305e5d9d9f7da0a4dbad93f5f3457ad5f2b2dca6efd053ab5b7b5353fbf55f760a45432935f6863c78f0fb9b3f272da4391ada86c77b37a45d682c4704824432b9635d4350faa94604f16aaee2854dd42a1a2c505d29c9ac655352ea0c4d3171b8e9ffcecf7df3ad6d60e123df8c0777e76ec58ed2b328bf5e8e33e7f31b8eafaca6060df435b7d345df6afdb7742a17feeb91f7ef6c4637d3dbead6f159ddca8edec9c3a70c74b070fa9d568cb4df8b729ed6c91382d41419551b5940ab4c3a744520152f3a23c812346b701a94275c07a4b17091ca6a609f91345f69bcc750d49cfa457b60efb026660ec40ffd343c7378d2e9d492d93f54c494d9515701c191d7b79c855d7000126db36e4522b5169f991f7a6538ad65a2d87561f555a92e8fa744589b9cb7d614c9f6636a7b4599fc81aaa96a785ff3367715e45a576a3e9a5ed3be63f9b5090aa546dde5cdfb006fde9726e72bb2e68a9af29051d6f82fddc6f41c74ade47a387b60ae137a0e84f0871bb9cd542aa8afd02c465b94dcf259716b3f61d1e73d7da02d8a8f4d7bef576874b56893634dc3c7ee7433bb6a994929994aeeec7ceeb3babe57ff86def2d0df54ad5f69dc7dfdcbb1fa2fd27291e4df33a6936535bad5255ca7232ca4ba455c64ed6631d282f8312ea704c2eba0d6a75a3a2bfa3bca2a2aaa0b66f532834e884ad12aaad0905b0ff9e989d95f491b3da9a98ffc61f45f2d76497cfad6427d07f3ed1b7b337505b9d9f5fdfd0bc9175ee899c47d577183bcbd550c85a75c3fa3391ef4966d257b4d9eebae7b54726274de69272285967972f2b5787028f7cb663dbda95a0cd04f00e0dd0c627b154d80c91122d43a9746df8eddfa16cbd46b10565fd32fc1c3d22d245343bb6058ea0a7ae3c1dfe26ce6970bea777812548f6caa99445fd9c3beb67a6e3b4f3ed9327d1921b958d636d9b96579719b373d03bef88ee3db475a852235db7f878125a9d33603d74c501f8e6f3bc24012f31566845f8cd1fa21d45ccea2274e8f5f045d824fc64976f7c5c5cf885067341cd7e4e5703179059d3011c3d7624d273a3e4775f2ca1c82cbe59f73def6fb9a1ee2ff887eaabff66c3b8fa41ac105df07fb0465215d989d2d2bb66bb669f48fc31c114ff57950043e200758caea65e11ff13f5a8c44c3d287983ba1ffa14bc4fc39c4a4c511be0bd1fbd414dc1782eb437427b37c09e80762bfd38b517cfc3bd3be171f2de07702fc0fbe7705be0ae83db08b719ee2eb83509d5d408e0ed909867c3d06fc2e3b0f66ec0790cf82885b96cc0ab98b78af202ae191eff320c077c9d82db016d2dc06f82f6097827005c1abce763dee12f1dce4aa5949ada44f9e13a40bd0adb35168da347e8347a156da48fd2d3f4a7a21491497487e821d14ba29f89978b6f157f28c99098240f4b7e9140279812ee4a9849cc4c2c4cdc9c38342f6b5efebcce799e796fcdbf61be71feab496b939c49fb929e4cfa6ed24f781b5551a3d87e7cefeabf1afa1f298a9ba797911111814c223ddca6a945742edf16512aba9c6f8be36024d4527a946f2700fc61be9d48d9e9fbf9f63c907b11df9e4f1d1409b4921789450705de5072ea61be8d28c9e2fbf8364d252e7e806f8ba8d58b1fe1dbe2381809b570f177f97602c0bfcfb713a9b2c53fe3dbf3a8a5a977f2edf9943a2d996f2727d26906c08cc422a0b5709989b425d04e593640da0964dc47da89647c3b69cf23ed43a40d3146af5c763fdfe674c8b5391d726d4e875c5b1c07c3e9906b733ae4da8994356b866f733ae4da9c0eb976f2a2252bb2483b298eff0598b775a5a4bd306e7c116eaf6b24ed14ccdbba36d24e83f6e2757da4bd240e3e9de071937646dcf88d642da787e504e62069af88835915d7ce25f0f792f65ad27e94b48b48fb59dc9e17c7ffbc385a0be3c6170ab23c4631543968a48c9243cb44392916de3aca4b79e00e5213948f8c28a1e787367e5a60dc45208a614641b9e16228038c0dc2fa2015203d16de2c408fc2d34e2093e16a819e1546596a0c46f404bb07e80a74da00fb04e00e011e06f07a01a78bb241db066d1fccf9a3749828f7a5940c5a79d19e9c92121e2c80c107b00cd0b5001d8cc3460df3b01ba1e784513c1b021e035199b01e5c440ef757f2e320ba60a826e85b61068f5a8826e6cac8e1f1f29232844a08666d445edc7300ee3158eb27232180b213cd31302ed8430b3c61edb8c83a0fd16d2d59cf1208961a019a58d376f264788e0458868c076004ebcf17b5604c0e3c1f042e5cb032005a5010482c11b6e520f0e5263c5eed1b357190cc55b00c9c8875840f3fac10642da4cc44be40940739d0c33e18c3a40379e3f10a7ab410ad601fb41399319561a25fc7dfe5bf5f868cf9a28ac08e01ac0764c2deea80cbc55bae8848eb05adbb880ced64c6092358f600f1c00e42cb4f665c8477233c6316c6129551d5d47af0db2feb095b3704bcf8882d39ab3a08bf41e2a5bdc49318a28509e2399ca58351ef15a0f19897c410f631cc134bf8b313381fefe552a25f0fa1e3235c736b6d3c1696ef5b086e1f916004a082640eafb2123e04afbdda0383fc0a2e1efc5f1a7144659046fbb108f8b2767ca46f873536e84bf968c01987a32b8dd2b95a02ce6263444f36921faea5b3315e5217c91c6e9223845c76b5eef11a376915007ce19c88bc36768e87bf57b7f1f12ef8a79f44b8e06f828f5f4b0281fa97f9aa8df3012c09274b90d013a2c74f72c404f11f2f68c943f2a2e52b25e57ccf32c7abb8fce6e59f9c545c1b675a1f9f6f31b78235053c181267f5aff351ae2e7978cbc4b00b11e2e2b5ec2715c0456238c8db165729218f384834bb89948296e77ab59458c642da76de0fbe9cb7af8e840252bfb09c3554095c2cc94598c630c9ce2cb1aa05c6b086060142982be1716eb9aa1614f2d11bcb1681a8c6046efe3bd5f66fac6e4cd65538da041ccc8aa8370fc1186727c16b58b22b70f35531e6dd5f57b105affceaaa8d2dd7118d9c405c7de1eccd7901cbd31a24beece1ed2e2532fbf96acae51e9c192c44ff9c9d053fe6fccac767708e02ae035cf5f4443dc542c5762d57e7b3ff015b44356421b27bf99a23e40f3b1909816eb81889554186543537ef3305028f5f6d5b0ad7b139fb16b076619c8eeca4cab8e7e4992fcbf835f848f675917502f4b5b39bf4aaec26e8feead5586b5c3e8d975be02bb6a78c454dac12093694927cef25541cd13e1be721386f71160a00b65885e5b8b6125e58be5285a2b68ccf259c0d4b788b074894b8a33c08713dd797fe76adc657784ecaf84a33d7a7639a18237a1cf93bed285403bce7f5f09a61e338b09327a619d3cb1040d8e26a47f06bf23197f9ed4402a1e2d5ccc9e216c0e82519e7daa7086eff275499987e844a16d3517c4e99bb2a407205672b2b2ff7b56baee52b2cea8f4a1f205eea21d8b928e22a6f7c45ff7b3d40a86f2d949accea290df4baa15a1ac88816c6f0bed5003366e8a960540523f90061e4e7f389a5ba491d6a01b82e52e3381c0678b643bf97e4380dc5903eeeb5027c3be0c26bd5540fa1a1066c46026920b87530da066f350f87572861a40bfab8dd4cb22047af1d567167222d5f13394e4d30ce44259ccb9596501438d341cf00f85bf85905e0d6127c987f4c5f43daed513e353ca70aa2238c19e35402476da48747bbe0dd017046425f4164e6b86d273268609e93454d38c0948b79593938ac1f333f836d84f96b832b269582e8a0857013d39f12de1dc039c6df0cb3265221f4b05245243512eda9799d6169db482f261567292591066b15eb40056d1ddccd51dd19c893e3c510876daeeebac97c0c8a934fc13f9544737ad2e3aca1243d13b1159e95f2b6341039aea6da4d3c514da014446263d44334c47b39ee05efe468e8e338e1e861dbc6f3227835f33531c26111e6bb784b7f592f58eb0aa213cc97314af9ab30173fc6949796c919939365745e8f3738e16319a5d7eff3fa2d4197d753cc28dc6ec6e01a7406038c810db0fe51d65ecc2427b7b0563f3bc6e87dacc784d7b45926bca120e3f60eba6c8ccdeb9bf0e3350c465f2a63f2f04b2e650c16b7cfc9b4583c36af6d1846377a9d1ea625640f604a26a72bc0b8e3f138bc7ea6c96575bb6c1637c35304182f106502de90dfc6c2cb111cb3f85926e4b1b37e2688e5d09a9836978df504d85a26c0b20c3b6265ed76d6ceb8b951c6ce066c7e970f0b4868d8d9a0c5e50e142bfc2e8bdbc00e86dc16bfa08d1a32c8f0a34c81ce65f37b31d54233eb0f600cf2e2d23202a43371b0c0a28509fa2d7676c4e21f66bc8eaf566f74902851e5b78cb93c838cdee1004e9922c6e0b5ba3c4cbbcbe6f4ba2d0129d36109fa5d369785315a88bc01a6ac7a7d7994252610f2f9dc2e90d4e1f5048b995e6f8819b14c3021903988b58b8799a097b1f9594b9095327657c0071a9732168f9df1f95d306b031016de9600e363fd23ae6010d05927886605fd056102cce0171a0e4c418adf44ff51767c7eaf3d640b4a19ec37b0568ad7080440b031274816c7d9181075796cee901d3b99c0bdd7e39e600a5c859c1de3c001c3d771cb991debd3cf06b0deb0c66304f0f228ae5aa28102175009b223d83c7e1750b57bc73c6eafc53e577b164e55e06e208e1748c13314f481dbda592c268671b26edf5c8d4228792678706c104008fa71baac2ee0b9383919fb88c3eb767b890bf0aa9632564b0078f57aa2ae2d18a1c0190cfa6a4a4a584ff1986bd8e563ed2e4bb1d73f58827b2500b9850f8242302f718b00660ca3b976d45e2bda7ec843b46188f7b09a87bc2013560d3bcaba211289bae7c63556e59cc84e4eeec0c609907001b941052cac1af45b40337629e3f0439482f7d89c16ff20c88c750cba028bc272c66b85e8f460a558486611fcec6f970233640904bc1039d83fec5e5b68042c62e11280cb0d9a29c018e748cb18f9d4f25e21e1c8cee2d0e6ec704d3866cc1574e2e1387793f2ee86b917a6dd2ef0538e36c6e5e7922b50204184259432235ebbcb81df2c51882f0402059c246001b5358483378007792f01094b40f0000bd91a30605bf35aba26ab5cc003492e68784d1326c69cde91af91118741c8ef01665882c0ee85144c7819626d41c1c1627e0cce6f7791c0abe15cdc62f58eb2711502f21f0e19c20f0e325fcc53f8a980d3025259d939916b8913d48fc90782e04c38fb42f07281fe750ac0f1d6a2668c7a8da95b6150335a23d361d09bb52ab58ac95718a19f2f65bab5a6167d9789010883a2ddd4cbe8358ca2bd9769d5b6aba48cbaa7c3a0361a19bd81d1ea3adab46a18d3b62bdbba54daf666a609d6b5eba11069211201a949cf60823c2aadda8891e9d406650b74154dda36ada957ca68b4a6768c530348154c87c260d22abbda1406a6a3cbd0a137aa81bc0ad0b66bdb3506a0a2d6a9db4dc54015c618b5193a8cb145d1d6464829ba807b03e14fa9efe835689b5b4c4c8bbe4da586c1263570a6686a5373a44028659b42ab93322a854ed1ac26abf480c540c078eeba5bd46408e829e05f69d2eadbb1184a7dbbc9005d294869304597766b8d6a29a330688d58211a831ed06375c20a3d4102ebdad51c16ac6a668e450004f7bb8cea182f2ab5a20d7019f1e278e062d8e378c979c9424e6a566a0225c3c963084e2ebf21a72661cec89f73ece46c6217dd2b3a2f7a59f40adc2f88664467fe2f7f9b4a22f7f5ef53fffbbe4ffdcf7d1bbafe45e6fa1799eb5f64fedf7f91e172f3f5af32ff3bbfca70d6bbfe65e6fa9799eb5f66ae7f99b93a9b5fff3a33f7eb8ca09deb5f68ae7fa1b9fe85e6ffb32f3471bf6d58488d10fabf805efcef1eec9c5f37c8ef1b73e661a7225e292e13b78a9bc5f5f0ac9e83c903ebdb016e94ece1b95ce644e7d0291145722b3efbfac9491cd3a0fe0be20a6965656e6473747265616d0a656e646f626a0a35322030206f626a0a383134390a656e646f626a0a35302030206f626a0a3c3c202f54797065202f466f6e740a2f53756274797065202f434944466f6e7454797065320a2f42617365466f6e74202f417269616c526567756c61720a2f43494453797374656d496e666f203c3c202f5265676973747279202841646f626529202f4f72646572696e6720284964656e7469747929202f537570706c656d656e742030203e3e0a2f466f6e7444657363726970746f72203438203020520a2f434944546f4749444d6170202f4964656e746974790a2f57205b30205b373434203535322032373620363036203636322037313620323736203731362035353220343936203535322032323020323736203535322032323020363632203535322033333020353532203535322038323620353532203237362035353220353532203535322035353220353532203535322035353220373732203439362036363220353532203535322038323620363632203630362034393620333330203130303720323736203535322035353220353532203731362037313620353532203636322037313620363632203237362036363220323736205d0a5d0a3e3e0a656e646f626a0a35312030206f626a0a3c3c202f4c656e67746820373335203e3e0a73747265616d0a2f434944496e6974202f50726f635365742066696e647265736f7572636520626567696e0a3132206469637420626567696e0a626567696e636d61700a2f43494453797374656d496e666f203c3c202f5265676973747279202841646f626529202f4f72646572696e67202855435329202f537570706c656d656e742030203e3e206465660a2f434d61704e616d65202f41646f62652d4964656e746974792d554353206465660a2f434d6170547970652032206465660a3120626567696e636f6465737061636572616e67650a3c303030303e203c464646463e0a656e64636f6465737061636572616e67650a3220626567696e626672616e67650a3c303030303e203c303030303e203c303030303e0a3c303030313e203c303033353e205b3c303034433e203c303034393e203c303034363e203c303034353e203c303034453e203c303032303e203c303034383e203c303036463e203c303037333e203c303037303e203c303036393e203c303037343e203c303036313e203c303036433e203c303035303e203c303036353e203c303037323e203c303036453e203c303037353e203c303036443e203c303036323e203c303033413e203c303033313e203c303033373e203c303033323e203c303033383e203c303033333e203c303033353e203c303036343e203c303034373e203c303036333e203c303034313e203c303036373e203c303033303e203c303034443e203c303034323e203c303035343e203c303037393e203c303032443e203c303034303e203c303032453e203c303036383e203c303033343e203c303033393e203c303035323e203c303034333e203c303032343e203c303035333e203c303034343e203c303035393e203c303036363e203c303035363e203c303032463e205d0a656e64626672616e67650a656e64636d61700a434d61704e616d652063757272656e7464696374202f434d617020646566696e657265736f7572636520706f700a656e640a656e640a656e6473747265616d0a656e646f626a0a34322030206f626a0a3c3c202f54797065202f466f6e740a2f53756274797065202f54797065300a2f42617365466f6e74202f417269616c526567756c61720a2f456e636f64696e67202f4964656e746974792d480a2f44657363656e64616e74466f6e7473205b3530203020525d0a2f546f556e69636f6465203531203020523e3e0a656e646f626a0a35332030206f626a0a3c3c202f54797065202f466f6e7444657363726970746f720a2f466f6e744e616d65202f5142434141412b417269616c426f6c640a2f466c6167732034200a2f466f6e7442426f78205b2d3536322e303131373138202d3333362e39313430363220313739302e3033393036203934342e383234323138205d0a2f4974616c6963416e676c652030200a2f417363656e74203635312e333637313837200a2f44657363656e74202d3138382e343736353632200a2f4361704865696768742030200a2f5374656d562039332e37353030303030200a2f466f6e7446696c6532203534203020520a3e3e20656e646f626a0a35342030206f626a0a3c3c0a2f4c656e67746831203136323630200a2f4c656e677468203537203020520a2f46696c746572202f466c6174654465636f64650a3e3e0a73747265616d0a789ced590b745bc5999e91ae6c136227b2633b71e278fc941ff2db8e9d772459b615cb922dc9769c04926be9da169175851e316e7884105a20c036844009014aa1dd4d29a5b434145a4a60295bbacbe9d9424b29cb29879e1602a5a774b76cdac4f2fe3373af1e8e93d3724e77b7e72437d2fd67e69ffff1fd8fb9f24518219485f6232d424e77634b7eecca6fc0ccedf0d93d119819ffaf6d953703fd5b842efffaa424faa4c76cd722b4f838ccad998489c5bebcd5307e1dc6159353d16b0e6eb9fc43189f81f1b501d92bd6de547f0f42d951186f9912af09a172b405c64fc19804c5296965e74f633086fdcd4f20adf675cdf7900e65e98ee95a11c22bf95dfbef685c939ba5d35c9e2968e83fe11dd430770a5db303a45c061fe4e9b71004d7dc39dd6bf141dc9ab9097f730bc2737373080955ba67a936948f34d4591d5ce06d2642a5fa527d257c6124a073447beadc161d3a8b88700a210d3a0a3bcfc0ce5c548a50abbe9414161416e42fcbcca05779b95eaf6f6de958d3b1a6bdca0057f951fc16ce765f373cd4dcb2b5bf7fcf0f5ff8d213ebd79597e286c6def62fea9e2d289b929fb865c7ceb6354bf367df105e8cef2e2c68693639db5b7316516dbd73ef0b0dc226548f3681df0690db51c0146a97c1ad94eaa06acb0c55ed55542b5ced6da0162631b3a810f83a98411d589aabf3fb7ffcdd2b76182ab5398babe21f5cbe344bd3eb72ef7cf4ca5dd858e7b01f79a9bfba26d8575b8777ad89c52a3a61d26ab7b6e81761cdbb0dc7b6da30ae6bb0589f8e7fe7767357dfcace15593d65e5a3db6eddded35d55515c49560d9697e15525f1d7725714151a36acaf33e296cace0a09615432f7bee6b0ee01540c5ee497eba9f105805321339d5eedfaf2f6d6f64abde633a73284fcdc62c3d6e563d7f66fd8b472f5a2cb6ebc11170955efc43d372d2bccce59f98bdaa21535d5d6e6a3f8c7efbcf668fc568ad31190fb35880a8b5f1ec40fc3e7085e117f0faf104e62217eeeec56a1eaec2f28af69ee3da10a305d81ca60978ee22780014b01a296c2026d6901472c8f86af0c10d4fc192fef88c49e887f70d07fdbadaf7f74eb2dbad92d5ad39631737dbd41bb61e3d0ce0d1b35d8d578bf73109f3cfc36cebae76e7cfcc1f8f7afb3f6e08a0a1c98316db6748541153a0cb9330a9a0185d2527d9b41d1003ac0dad2fc35ad2d853cbac268fcbddcdcea9ab55bd7ae5f5688c10bdd6daf5fd16fafa9d22fd1acfe5a6b73f1aaea1a93f99bf112a1eaf853a5e5aded26f33eaa01ea133fc570a0b9a9bf1d57eb9efd73375d590eaeff46f71a788df25adbdb5846b414663203f2f35b2128a5faf2e5c78b57f5db63d3d1aaae8d9b56acfcc94fe2ef1d17aa066eb6986bab71c54b4b57150ff6bd7dee69ad8de2e882dc3c06dee441eda23c26913a90af24a4a1aa72190bf29a0ec54f97b56bfff5c77f7fff317cec810fef3af8d92e2b267d7dc1293b2496cd3e15ecebd3941d3a78a0db7afcc1dffde18187cce6fd37fcd3831e8fc7fdf071f81ea25e7c0e4ab483e9a4080264a0b3807ac1925d8fbf48a1b2ac69b3ee1e1de9d9b8a1bab660b95075ef5590976d7f6cc025a543c3f13f5039d72394f10590d30496abc07359f4022812a1c9d7ab91ca5086d763eda153e37d7d4ddd83833b63830335ab6880561906d7b7b51714c6df5bb2a484ac31b5b5e7032d541d3e515b3b34545b8b1b9a7758ef9d1dd5ec7aa071434585b5e7685ca3e93ed6602c2cc065e566f37db3e7c02e2364c833103fde85da4bf321937f19ef17ee883b8417cf9c39bb097892b9ce620c59aec6589c7b4f7725c4b854cd6b62a8d2435eb326a5535cd26b787e0b9b7189f9befb3f8cbff5ddef3df71c6ec38b4ff85ae26f15b9dc7b1ff58d63c9fb706cd8a359b9e3e348ec872fe31d38f8af3f7a68d713dd61b339168bff39fec1de69dcd747b536413d2d052c9b01cb4a5a3c054af7abe05d8981aa6acfcf50529c9a9761a86ac245face0e6fa0b312e7e5dbe28f6dbf1e0703bf79738fbf26fedfb90d4ddbe426828b2bdffde5f66d7866dfef7e71dd7edc58e7ae31625cb3aab1a4202fb76fd3d0b15b775d89bb7b0e356f2c2b2d292c5b9d5fdcd266b3df7c97df8f4747204f5f0123df15aad27bc32bbc3768b3e9fddc7fd26feacb08e0bf5cf71594c338f3790b2dcdcdcbed18d1be30bd6fdf16b326fe71e6f4de978587b1eedf626fbdf5c999177023de8837fc0976c399242cd69d4295204a5fcadb3187820aaae42557c0a5b24b587cceb074c0f9d173c675b8b96ddb686b7b66fcfd15070fbefcf3ebaec56595f6d69b3f5b56518075f1b3473e7bf0ad27370f0f5fd9da8c715bfbbe55ef4b3e1c8b7dddb76d87689ef94c754da59a1978454a6670bf346818629403962d4106e001fcf396f22aa5e951c88b67a9d294c1cc3c0dcd784dcb4fafb9137f7efaa76f1cb8e9f37b7fd65a5d935f0cadd7d0da5263285c85f18a22438dee14bef7a9f8aef8ae6fdff3e547f03fe2074fde731aeacc138ccfc5e3bbc74a4869c950006b301edb5d5a42cfd7eeb95661794613d8d18cd62154492b8db5a3f6d67c9a19995506bd7aa2e69733f06852e5d1daa3c7863e8fc2482b129ffec1f69d93e38f1f7e70d79545b385e2ef4746a682ff7cf8f1406035d62d35d6756c282b2725e6c37d8d0dd85033fa267ea423127ae491ab65bdd7bb6cdbf67b4af7d6c6674c13935f3ab9efba95df3d991f08fc60d5c0baf5025ed6d4b4aebdbe7125de7ef6e7d96b3bfacc2d4d4580a11b3014d9c95f46bb4fbb92c17a0d0b2b3c2ea8ed8e1a07a92e88f1b3a66da3db9f3e7013de7fc38b4fde8457cce6365af6895d166c364f48e6aee33bebeaf1d123380be7dc7108dfad597a2ef4557bd0ed7af4e94127760e82cebbe7e6745c6725ed54eaf9a03c6e184ab1f2b40169d6c60f52c3dd9ae2a777dfb8734773537da7e438e07d64f6355cfdf6becedea68692d5ab57afe9706dfab6eed95555e2d8a13b5f3d79e0e1b1be5a828517cfb5e7e88d755ef1b1133b77b4b6e66663d0ee890f0abba1b2ab51274285ba447ab4b7671832f89109c5dd5eaa571f7f08adf83cf591a38ae330834d99abab87a73a2b96655f7fea8d6bc76ebce1d44b37e2cc12d2d179c5ae3be31f87aec6b3e62de2444f37c616ebc4f81673b7a1337f75697e4bd9aefb1fc7f8e49d3fc397df7107fedad1733ddfbbe2cab6f6d5abafd8f10fd99a835fed1fc083ce87be3ce0c48e01c8ffbbe8f90a68d1a70c7de2342d543bb821d1d0f163b73c273afa6b0c4bb2a1772fd51b6a36f6ace95c5e147f4ff7ececaf1faaa8ec586bb1de397b58d3fc9586fa952ba0415bba6f9efd2d7d60d4a043f180702fa0b20c55f0d38397b51e2aca40cf3d25130a7826d0a6770867b48e0ceff9ce811b0fdcf49dd1ee5e27b49e829eee09d1bc055bbac6262d5d708c3ba1b20fdf158fc73f39721497970dcf9ed63ef3ada1613ce0f8d6575c834eea5f0ec4c3059dac90eacdcb2bc56a23814a36b0bedb9183ebe2677079fc564b1529af356e3639071d2bcced6253033c42cde668fe704ef3cc15cd2dc564a95eff1f3918af5f3b4a7da2cfbfcfb3736711cd6d2d5cb8344fabd53d1ffffefed99333f19735ebf1dada1fbd8cfbe3dfd23d7bee360d997d072cf2404d6c062cd88993d2e299f7f408a288e469f863abd01cff30a7b9c579d5c6cdd8b4798fb3ad351f2f33ce7ce6d5d3b7dd8ef1ed873e7a211ad6fcb6c55557dbbbf5c4730e076eac971b9fdf3d868f1cc102ceb8fb30c62e0f3515f3cf4737e40eef5ab2e18ff487caf9ffe283195f803e835146620af6e8d6c4af879306cded9fdb9ff1052629f55f49064ce986d15121826c9aafa212cd5a74046893f02b741868049fdb617e398c5dda62f4b9cc62743dd046caa7fb1724026f13acbf02f711f8b42afb87e1d30d7c1ee0b99bdee173177c0ec17c0ecc21b8c3030efc16b1a36fa077d027b815fbe0ba1a1fc3afe3339a2ecdb0c6ab7950f33bada02dd77ab521edb7855cc12e1c127ea52bd0b975fb75c7756f306f4ad066daff1594e6ff736b3f4088af6b8ad88c96712e62234a6b5096a642a1b56893c6a8d0025aa6d9a4d03ab45c73954267007d40a133914f734ca1b3e0d92a47a12f43b769e20a9d9d23686f516dc3d9fadb151a60cfbd4fa13548c87d50a1b5a824f74b0a2da045b98f29b40e2dce7d41a133807e55a1335173ee9b0a9d8596eb8f28f465c89ab748a1b33335794e908c052de8ca291a5468011515ed62b40ee61715cd28b4800a8a6e627406cc6714dda7d002ca2d7a88d19914b7a227151ab02a7a86d15930bfb8e8558516d0f2a237190dbf4e35ab8b3e56688e3fa739fe9ce6f8739ae3cf698e3fa739fe9cce4463c54b149ae3cf698e3fa7b37396155fcde845d4f7ba9b151a7caf3bc2e8cb613eb7ee718516d0eabae719bd98da56f7b642833d75bf66740ecc2fadfb93420b6895f132462fa5728c950a0d728c1d8ccea3181a87141a3034ee60f4326a8f714aa1c11ee33e46c3ef73b4cc7854a105448c27185dc0f85f5168caff06a35730fe8f151af8eb758c5e49635a5fa9d010d3fa464617b3983ea9d034a63c76258cdfaad0949fe74c058d69bda4d010d37a8e672dc5a7fe5685067cea0f33ba9ec9f9b24253394f503a2b05ffac14fcb352fcca4af16b710affe214fec5297159acc6e50422a80532a0197500e5419348827b3f9251103e513483426cc602a330d0f45b84793fe3688015130ac045900be626607f1445d84882bb04dc7be1dbc738b3e1ea85d118cc4a681a669c4c7a10f4aa7aec207d0664c7400e01b932c8f4232fd05ea043b0164ee82109eb9be0899aa0aac4a8037e1f511b449010025e027a45d0436578d11e85772b8c266196aec6c0c648c2278a839ff911b8a03de30c0b82cc301e83153a2b3224d27de47264c553c2b4c460d5cbfca5a371903d0d7bc36c26065c3e861c8179351e36b089a2e367fb820cdbf56cbfc4382434053a29d23ef64d148b545ec2e6233043f10b252298f483ae47c10a3fec8c000a26c6493d32034700d6e767c5ba141e92e022f014d8cf74876146f5af060d339f2209bd1da083e65d52467d8a264f9a6c154591614233d0c73ca698ed61e88e7faaec3d9f3399895d8c771a788310739aabe370f995b8d5b3fc9201733ff3c6c1562699fd22d84af36f80e90ab3153fb3dd0ddfc9f8528f9ad15a78666e5900311adb18d8126291e4311d67f646598e8eb23c220c851996373cced144eeaadc744e661544338cda2431fb7c8c2fa4e4b891e11b647a42cc6abed7ab489194b1c86487980753c015656b74d718b343cdd9f9f9175576f06a089f37339ef0c1981827f3ff7c74426cec833d5e181b955aa0fd86eb3526f4ccf780476c9ae1e465dd6121cca6154ffdac6f045887503bd97cece99e00a3aa81bf26ad1e1796ce6df8b4d8a656bb9a9f6156df6abea939be9007aaf6f3ed5a9f9203d413ee4b94e953ab27cc3ac40ccb1f19500ab2ae285ed0539e7b625a56f1ee262bdfdc2b4ed33e1b52ba2db5568da62a8772d29e7eb11ce5a75250894c52ba5a217e05e530ebff7e56c35125b6f48c52fbc838abe600f35245393dab8d2c3222a37d4a1e9cdfb5e75742353bbda89feb50235c12eb4554c71ed69b25165511e6284213c0a1ae352a3277cd3b096a94ea4d768b480231d59abfe6acfd0bcf36b26a9e0cbb2a831427b2f92a98e37152b34662cf0401e54c4c66f7c5ce6b352b2f7c66d3c80d242a279272d2f078f32c90145d132c97834adc8dcce7b07296f2de433b83c8f0e77156f398e75548e9e05c033d07f8d9194c648a8892cf2cf3fbd9df2016098444e6bbac9c396afff0b1991860c36b24790a1276aa05949ca9566dbc706c113dc7d29e5a20da352918f9d8291348eb33e7fb781179acfbfad93e957be1ee669cd7dd54ece7efa6a8f17e9aeab76a57f289325935c993488da191f57b9969194f8ca5940ca17d8b472802d292272cb77a8cd9222927552c11cbd45ec263d8a8443cc2aa2490b041adebf45cfacb514d3de1b997a9274d7a4e27919866384e7dca38aaa7017de20d2ac8482916f8d837d599c4e52ae0f0a69c1dd18bf463def97dcc03f5c45b97d6c5459028b38eb3f06f08fefca79e32497cd4932c89516a4f49df1561bd82c76a4cf17be13357bc4044c309ef232c4b834c3aaf227ef2a69ee89f3603d4f3ad1759d9aa1375c368044e4b179bb1c11c7d6e75c1ca308cba60b60b660cc0e156d60d2c5223ec1cea05be2176c671192ef876c07894f5b86e44d8988efa80df01b2e85e2bdac67458419a9b71ba98ec7e98b5c3ddaaf0d11d1698198231a57b5817e4fa1cb08bff22b2296722b7d403f324e161ba5536a651b5ac1f462e90dfabac9a40b68dc9a3f653fddd8c7624ecec562c35318ca8642ad30216d9d988ce0ec17d00f8dc4cbf89f9ccad75301fba619dfb62651650cd0d8aaf9c8fe233acacd01851fbec7025bd32310c7a993549fc2c701f00cba9fc1e58f5b013c2093bbb98a76e869e55c18c7a6b67a3a4573c5216e60d459562d005743f7c7a12d8b9d837b7c595222d1dbb11b69ee4e2fe99946f0b43cec9463c1a1636f2b058d155a3124b17f363bed611968956c665621ebb1319d2cdb2975baf6627d7e14cb184eba3b14db545cd6a72911ae152d4f52125d2e7e3425137314ca85dee84e60b496e38415a9a9a3b88675222fd72508ece84246291c321392c46fd72b081980201e2f24f4c4623c42545a4f05ec9d740b2b37ba5b1b0344d9c2129e8a17bece28c1c8b92803ce1f712af1c9a09d33d848a6f6a2555f4d661242e31109a24bd62d02b7bf7c0ec567932487a63be08d5e499f447482055ceb81c2666ff58c0ef150344d1083c322825113916f64a701b8f4e8b6189c4823e294ca2d40f9b87d8fd5e291891d693882411696a4cf2f9241f09f059e29322deb03f441d643a7c5254f407220da6b05f0c98e5804f85621d9b21748a54f7fbbd6199eaab1996c211bab7a3a1a99971d4b34d1ece0d168a241a167dd29418de43e4f10ba39b9864187685c5697f708238c7c7c150524f5cf2983f481c7eefa41c102346322046c37eaf5f246e91b91b21cd6b3b5b127691482c140af8c1d17139186d20a3728c4c893324062e4729b8749a4465e20d4b625432129f3f1202c08d440cfa4828ec87552fb048701723242485a7fcd128881b9b61c0aaf0456101a210568971aac148ef0cfe8439a1b0ec8b79a34642d306f61ae91e550138363d099ea558360d4afd416f20e6a339a65a2f070333a4da5fc3c398c20e122e662d8f3ac5332c45286e14f1a402ba3d216b3d43a0da0f5aa2d2140d4fd80f5a7df27430208bbe74f4440e15641bb823832af88e454390b53e89ba497926a540281d51a8a4e08cc24e030202019f49ff981f6c6ec8cea639322e0702324b01056a2319132360ab1c4c64b61a84eac96834b4aeb1510a364cfbf7f84392cf2f36c8e189463a6a04ce5d4a0dd44078595a44a86154ccc245bb50b1fd44e1b0538ed728cc57c9e0138546da2b05a01019dce9654da14c2bececec011a9c08ab19f01b209060d7445804647c46321e862285ecf14e8ae109f099620c584144613b91c7a03883141491351635cffe722fa84162242243e5d0fcf0c9ded8144444e4f5ef0f0032d554629ab7c4ad7496d76a98453e8996368fc3827c64da1f9da4d329e96654d28d5aaf2e07fc90a75c379515e6bd1534b022a21e1ac994ecf38fd3bbc40009c5c0a1c8242b58103d16a3c51ba1934a9680878de0784482660d1268ac1594163495173ca8e445a320cd8c989e94a72ee2232d83583808c6484c804f860ecc6cb94af246d5044be63124bfcfcf0a6f1d4f71714cde2ba51c10d0ff68c9307b6891859299a22c452645f06a4c4aab5c31c5d130551f894232d1ee0bc5cb0bfd6200d07aebb512b7b3db3362725989cd4d065cce615b97b58b184c6e181b8c64c4e6e9750e790870b84c0ecf28717613936394f4d91c5d4662dd36e0b2baddc4e922b6fe01bbcd0a733687c53ed46573f41033ec7338e11cb2412582508f9350858a289bd54d85f55b5d965e189acc36bbcd336a24dd368f83caec06a126326072796c9621bbc94506865c034eb715d477815887cdd1ed022dd67eabc3d3005a618e58876140dcbd26bb9da9320d81f52e669fc53930eab2f5f47a48afd3de658549b3152c3399ed56ae0a9cb2d84db67e23e932f59b7aac6c9713a4b8189b62dd48af954d813e13fcb7786c4e0775c3e274785c303482972e4f62eb88cd6d351293cbe6a68074bb9c209ec2093b9c4c08ec7358b9140a35498b08b0d0f190db9ab4a5cb6ab2832c37dd9ccadc008f3812fbe30a7f9990fa47fcf495288ae16cf839733a8d27393bce7e36a5aef1996eb63f9ab6a2cc696fd13ea77d49fb3c7c3f99ba9e36ffbffbc26b11fb5c7ae9f5f7f7d2eb6ff7cae9d28b9e4b2f7a2ebde8f9bf7fd1c37bf3a5973d7f9f2f7b78f42ebdf0b9f4c2e7d20b9f4b2f7ce677f34b2f7dd25ffaa8e85c7af173e9c5cfa5173fffcf5efc24fe32e2bfe0df4cf80a7d0ea43d672f7bca8a42eda7f29ebfdac39e7922695cea5c373a0de33de813e03f0d73e97f4f495f53f74410ffdb8bbca0c4e4ea30a35279f84c2f1bed657fc9495f4f5f1960dd2ccc3a23ef7f3369dc0bada722255f10435928113609eb058bb046e814b6081b853e616d2af782eb9e05ff56959ceda333b819e8d4f5e46c1febc32140549ec79198c77af4aeb61c4e9c94f5c49c5d790a11e7c55b9dfd1f9295f4b7656e6473747265616d0a656e646f626a0a35372030206f626a0a363330390a656e646f626a0a35352030206f626a0a3c3c202f54797065202f466f6e740a2f53756274797065202f434944466f6e7454797065320a2f42617365466f6e74202f417269616c426f6c640a2f43494453797374656d496e666f203c3c202f5265676973747279202841646f626529202f4f72646572696e6720284964656e7469747929202f537570706c656d656e742030203e3e0a2f466f6e7444657363726970746f72203533203020520a2f434944546f4749444d6170202f4964656e746974790a2f57205b30205b373434203636322035353220333330203237362035353220363036203237362032373620333330203630362033383620383832203630362032373620373136203535322033333020353532203535322032373620353532203535322036303620373136203630362036303620363036203535322037313620353532205d0a5d0a3e3e0a656e646f626a0a35362030206f626a0a3c3c202f4c656e67746820353734203e3e0a73747265616d0a2f434944496e6974202f50726f635365742066696e647265736f7572636520626567696e0a3132206469637420626567696e0a626567696e636d61700a2f43494453797374656d496e666f203c3c202f5265676973747279202841646f626529202f4f72646572696e67202855435329202f537570706c656d656e742030203e3e206465660a2f434d61704e616d65202f41646f62652d4964656e746974792d554353206465660a2f434d6170547970652032206465660a3120626567696e636f6465737061636572616e67650a3c303030303e203c464646463e0a656e64636f6465737061636572616e67650a3220626567696e626672616e67650a3c303030303e203c303030303e203c303030303e0a3c303030313e203c303031453e205b3c303035303e203c303036313e203c303037343e203c303036393e203c303036353e203c303036453e203c303032303e203c303034393e203c303036363e203c303036463e203c303037323e203c303036443e203c303035343e203c303036433e203c303034333e203c303037333e203c303033413e203c303033373e203c303033323e203c303032453e203c303033303e203c303032343e203c303036343e203c303034343e203c303036373e203c303036383e203c303037303e203c303037393e203c303034313e203c303036333e205d0a656e64626672616e67650a656e64636d61700a434d61704e616d652063757272656e7464696374202f434d617020646566696e657265736f7572636520706f700a656e640a656e640a656e6473747265616d0a656e646f626a0a34332030206f626a0a3c3c202f54797065202f466f6e740a2f53756274797065202f54797065300a2f42617365466f6e74202f417269616c426f6c640a2f456e636f64696e67202f4964656e746974792d480a2f44657363656e64616e74466f6e7473205b3535203020525d0a2f546f556e69636f6465203536203020523e3e0a656e646f626a0a332030206f626a0a3c3c0a2f54797065202f50616765730a2f4b696473200a5b0a36203020520a5d0a2f436f756e7420310a2f50726f63536574205b2f504446202f54657874202f496d61676542202f496d616765435d0a3e3e0a656e646f626a0a787265660a302035380a303030303030303030302036353533352066200a30303030303030303039203030303030206e200a30303030303030313230203030303030206e200a30303030303437363231203030303030206e200a30303030303030313639203030303030206e200a30303030303030323634203030303030206e200a30303030303238303635203030303030206e200a30303030303030333031203030303030206e200a30303030303030333436203030303030206e200a30303030303030353432203030303030206e200a30303030303030353630203030303030206e200a30303030303031333735203030303030206e200a30303030303031333935203030303030206e200a30303030303031353933203030303030206e200a30303030303031363132203030303030206e200a30303030303032343238203030303030206e200a30303030303032343438203030303030206e200a30303030303032363436203030303030206e200a30303030303032363635203030303030206e200a30303030303033343831203030303030206e200a30303030303033353031203030303030206e200a30303030303033363939203030303030206e200a30303030303033373138203030303030206e200a30303030303034353334203030303030206e200a30303030303034353534203030303030206e200a30303030303034393035203030303030206e200a30303030303034393235203030303030206e200a30303030303035373530203030303030206e200a30303030303035373730203030303030206e200a30303030303036313230203030303030206e200a30303030303036313430203030303030206e200a30303030303036393635203030303030206e200a30303030303036393835203030303030206e200a30303030303037333435203030303030206e200a30303030303037333635203030303030206e200a30303030303038313930203030303030206e200a30303030303038323130203030303030206e200a30303030303038353637203030303030206e200a30303030303038353837203030303030206e200a30303030303039343132203030303030206e200a30303030303039343332203030303030206e200a30303030303238303433203030303030206e200a30303030303339373137203030303030206e200a30303030303437343835203030303030206e200a30303030303238353138203030303030206e200a30303030303239393637203030303030206e200a30303030303238313836203030303030206e200a30303030303238343938203030303030206e200a30303030303239393838203030303030206e200a30303030303330323431203030303030206e200a30303030303338353032203030303030206e200a30303030303338393331203030303030206e200a30303030303338343831203030303030206e200a30303030303339383536203030303030206e200a30303030303430313036203030303030206e200a30303030303436353237203030303030206e200a30303030303436383630203030303030206e200a30303030303436353036203030303030206e200a747261696c65720a3c3c0a2f53697a652035380a2f496e666f2031203020520a2f526f6f742032203020520a3e3e0a7374617274787265660a34373731390a2525454f460a, '2024-09-29 19:36:19', 30);

-- --------------------------------------------------------

--
-- Table structure for table `roles`
--

CREATE TABLE `roles` (
  `role_id` int(11) NOT NULL,
  `role_name` varchar(255) NOT NULL,
  `createdAt` datetime NOT NULL DEFAULT current_timestamp(),
  `updatedAt` datetime NOT NULL DEFAULT current_timestamp() ON UPDATE current_timestamp()
) ENGINE=InnoDB DEFAULT CHARSET=latin1 COLLATE=latin1_swedish_ci;

--
-- Dumping data for table `roles`
--

INSERT INTO `roles` (`role_id`, `role_name`, `createdAt`, `updatedAt`) VALUES
(1, 'patient', '2024-06-02 12:19:18', '2024-06-02 12:19:18'),
(2, 'admin', '2024-06-02 12:19:18', '2024-06-02 12:19:18'),
(3, 'doctor', '2024-06-02 12:19:18', '2024-06-02 12:19:18');

-- --------------------------------------------------------

--
-- Table structure for table `room`
--

CREATE TABLE `room` (
  `Room_ID` int(11) NOT NULL,
  `Room_type` varchar(20) NOT NULL,
  `Patient_ID` int(11) DEFAULT NULL,
  `Room_cost` decimal(10,2) DEFAULT NULL
) ENGINE=InnoDB DEFAULT CHARSET=utf8mb4 COLLATE=utf8mb4_general_ci;

--
-- Dumping data for table `room`
--

INSERT INTO `room` (`Room_ID`, `Room_type`, `Patient_ID`, `Room_cost`) VALUES
(16, 'Standard', 30, 50.00),
(17, 'Standard', 31, 50.00);

-- --------------------------------------------------------

--
-- Table structure for table `staff`
--

CREATE TABLE `staff` (
  `Emp_ID` int(11) NOT NULL,
  `Emp_Fname` varchar(50) NOT NULL,
  `Emp_Lname` varchar(50) NOT NULL,
  `Joining_Date` date NOT NULL,
  `Emp_type` varchar(50) NOT NULL,
  `Email` varchar(100) DEFAULT NULL,
  `Address` varchar(255) DEFAULT NULL,
  `Dept_ID` int(11) DEFAULT NULL,
  `DOB` date DEFAULT NULL,
  `Qualifications` varchar(50) NOT NULL,
  `Specialization` varchar(50) NOT NULL
) ENGINE=InnoDB DEFAULT CHARSET=utf8mb4 COLLATE=utf8mb4_general_ci;

--
-- Dumping data for table `staff`
--

INSERT INTO `staff` (`Emp_ID`, `Emp_Fname`, `Emp_Lname`, `Joining_Date`, `Emp_type`, `Email`, `Address`, `Dept_ID`, `DOB`, `Qualifications`, `Specialization`) VALUES
(101, 'Mentor', 'Geci', '2024-09-28', 'Doctor', 'doktori@gmail.com', 'Dardania', 30, '1977-11-13', 'Master\'s Degree', 'Neurology'),
(102, 'Mausi', 'Test', '2024-09-28', 'Doctor', 'tast@gmail.com', 'afafaf', 30, '2024-09-21', 'Master\'s Degree', 'Dermatology');

-- --------------------------------------------------------

--
-- Table structure for table `userrole`
--

CREATE TABLE `userrole` (
  `UserRole_Id` int(11) NOT NULL,
  `user_id` int(11) NOT NULL,
  `role_id` int(11) NOT NULL,
  `createdAt` timestamp NULL DEFAULT current_timestamp(),
  `updatedAt` timestamp NULL DEFAULT current_timestamp() ON UPDATE current_timestamp()
) ENGINE=InnoDB DEFAULT CHARSET=latin1 COLLATE=latin1_swedish_ci;

--
-- Dumping data for table `userrole`
--

INSERT INTO `userrole` (`UserRole_Id`, `user_id`, `role_id`, `createdAt`, `updatedAt`) VALUES
(8, 8, 2, '2024-09-10 13:06:39', '2024-09-28 20:39:41'),
(12, 12, 1, '2024-09-11 07:55:32', '2024-09-29 18:24:33'),
(14, 14, 3, '2024-09-17 15:22:02', '2024-09-17 15:23:55'),
(15, 15, 1, '2024-09-29 12:56:33', '2024-09-29 12:56:33');

-- --------------------------------------------------------

--
-- Table structure for table `users`
--

CREATE TABLE `users` (
  `user_id` int(11) NOT NULL,
  `email` varchar(100) NOT NULL,
  `username` varchar(50) NOT NULL,
  `password` varchar(100) NOT NULL
) ENGINE=InnoDB DEFAULT CHARSET=utf8mb4 COLLATE=utf8mb4_general_ci;

--
-- Dumping data for table `users`
--

INSERT INTO `users` (`user_id`, `email`, `username`, `password`) VALUES
(8, 'lg69462@ubt-uni.net', 'Admini', '$2b$10$.H9Y2aolRMZ0pQz2bLCnTuZHZapkrqENp.SZHkUxS9taHPFawL9tG'),
(12, 'lirgeci1@gmail.com', 'Lindi', '$2b$10$qJg/mSBPipziVCfnEVqKseNeB65ehZogu3h5atf4ZLUuYN75RFAXC'),
(14, 'doktori@gmail.com', 'Doktori', '$2b$10$6KBXopSlkk4aHATKsSf6HuYZsog0NcbP4xEWYBSV/0WOeeISwTqlq'),
(15, 'habibe@gmail.com', 'Habibe', '$2b$10$AKS.Jhyp855sRx6..iV/OeYKSlRVmR3a7blI8CIeo2/L/r21Er8MC');

-- --------------------------------------------------------

--
-- Table structure for table `visits`
--

CREATE TABLE `visits` (
  `Visit_ID` int(11) NOT NULL,
  `Patient_ID` int(11) DEFAULT NULL,
  `Doctor_ID` int(11) DEFAULT NULL,
  `date_of_visit` date DEFAULT NULL,
  `condition` varchar(255) DEFAULT NULL,
  `diagnosis` varchar(255) DEFAULT NULL,
  `therapy` varchar(255) DEFAULT NULL
) ENGINE=InnoDB DEFAULT CHARSET=latin1 COLLATE=latin1_swedish_ci;

--
-- Dumping data for table `visits`
--

INSERT INTO `visits` (`Visit_ID`, `Patient_ID`, `Doctor_ID`, `date_of_visit`, `condition`, `diagnosis`, `therapy`) VALUES
(54, 31, 76, '2024-10-05', 'Serious Condition', 'Diagnosis C', 'No'),
(58, 30, 76, '2024-10-05', 'Serious Condition', 'Diagnosis C', 'Yes');

--
-- Indexes for dumped tables
--

--
-- Indexes for table `appointment`
--
ALTER TABLE `appointment`
  ADD PRIMARY KEY (`Appoint_ID`),
  ADD KEY `Doctor_ID` (`Doctor_ID`),
  ADD KEY `Patient_ID` (`Patient_ID`);

--
-- Indexes for table `bill`
--
ALTER TABLE `bill`
  ADD PRIMARY KEY (`Bill_ID`),
  ADD KEY `Patient_ID` (`Patient_ID`);

--
-- Indexes for table `department`
--
ALTER TABLE `department`
  ADD PRIMARY KEY (`Dept_ID`);

--
-- Indexes for table `doctor`
--
ALTER TABLE `doctor`
  ADD PRIMARY KEY (`Doctor_ID`),
  ADD KEY `Emp_ID` (`Emp_ID`);

--
-- Indexes for table `emergency_contact`
--
ALTER TABLE `emergency_contact`
  ADD PRIMARY KEY (`Contact_ID`),
  ADD KEY `Patient_ID` (`Patient_ID`);

--
-- Indexes for table `insurance`
--
ALTER TABLE `insurance`
  ADD PRIMARY KEY (`Policy_Number`),
  ADD KEY `Patient_ID` (`Patient_ID`);

--
-- Indexes for table `medical_history`
--
ALTER TABLE `medical_history`
  ADD PRIMARY KEY (`Record_ID`),
  ADD KEY `Patient_ID` (`Patient_ID`);

--
-- Indexes for table `medicine`
--
ALTER TABLE `medicine`
  ADD PRIMARY KEY (`Medicine_ID`),
  ADD KEY `medicine_ibfk_1` (`Patient_ID`);

--
-- Indexes for table `patient`
--
ALTER TABLE `patient`
  ADD PRIMARY KEY (`Patient_ID`);

--
-- Indexes for table `payroll`
--
ALTER TABLE `payroll`
  ADD PRIMARY KEY (`Account_no`),
  ADD KEY `Emp_ID` (`Emp_ID`);

--
-- Indexes for table `rating`
--
ALTER TABLE `rating`
  ADD PRIMARY KEY (`Rating_ID`),
  ADD KEY `Emp_ID` (`Emp_ID`);

--
-- Indexes for table `reports`
--
ALTER TABLE `reports`
  ADD PRIMARY KEY (`Report_ID`),
  ADD KEY `reports_ibfk_1` (`Patient_ID`);

--
-- Indexes for table `roles`
--
ALTER TABLE `roles`
  ADD PRIMARY KEY (`role_id`);

--
-- Indexes for table `room`
--
ALTER TABLE `room`
  ADD PRIMARY KEY (`Room_ID`),
  ADD KEY `Patient_ID` (`Patient_ID`);

--
-- Indexes for table `staff`
--
ALTER TABLE `staff`
  ADD PRIMARY KEY (`Emp_ID`),
  ADD KEY `Dept_ID` (`Dept_ID`);

--
-- Indexes for table `userrole`
--
ALTER TABLE `userrole`
  ADD PRIMARY KEY (`UserRole_Id`),
  ADD KEY `user_id` (`user_id`),
  ADD KEY `role_id` (`role_id`);

--
-- Indexes for table `users`
--
ALTER TABLE `users`
  ADD PRIMARY KEY (`user_id`),
  ADD UNIQUE KEY `email` (`email`),
  ADD UNIQUE KEY `username` (`username`);

--
-- Indexes for table `visits`
--
ALTER TABLE `visits`
  ADD PRIMARY KEY (`Visit_ID`),
  ADD KEY `Patient_ID` (`Patient_ID`),
  ADD KEY `Doctor_ID` (`Doctor_ID`);

--
-- AUTO_INCREMENT for dumped tables
--

--
-- AUTO_INCREMENT for table `appointment`
--
ALTER TABLE `appointment`
  MODIFY `Appoint_ID` int(11) NOT NULL AUTO_INCREMENT, AUTO_INCREMENT=21;

--
-- AUTO_INCREMENT for table `bill`
--
ALTER TABLE `bill`
  MODIFY `Bill_ID` int(11) NOT NULL AUTO_INCREMENT, AUTO_INCREMENT=47;

--
-- AUTO_INCREMENT for table `department`
--
ALTER TABLE `department`
  MODIFY `Dept_ID` int(11) NOT NULL AUTO_INCREMENT, AUTO_INCREMENT=31;

--
-- AUTO_INCREMENT for table `doctor`
--
ALTER TABLE `doctor`
  MODIFY `Doctor_ID` int(11) NOT NULL AUTO_INCREMENT, AUTO_INCREMENT=78;

--
-- AUTO_INCREMENT for table `emergency_contact`
--
ALTER TABLE `emergency_contact`
  MODIFY `Contact_ID` int(11) NOT NULL AUTO_INCREMENT, AUTO_INCREMENT=43;

--
-- AUTO_INCREMENT for table `insurance`
--
ALTER TABLE `insurance`
  MODIFY `Policy_Number` int(11) NOT NULL AUTO_INCREMENT, AUTO_INCREMENT=87;

--
-- AUTO_INCREMENT for table `medical_history`
--
ALTER TABLE `medical_history`
  MODIFY `Record_ID` int(11) NOT NULL AUTO_INCREMENT, AUTO_INCREMENT=13;

--
-- AUTO_INCREMENT for table `medicine`
--
ALTER TABLE `medicine`
  MODIFY `Medicine_ID` int(11) NOT NULL AUTO_INCREMENT, AUTO_INCREMENT=56;

--
-- AUTO_INCREMENT for table `patient`
--
ALTER TABLE `patient`
  MODIFY `Patient_ID` int(11) NOT NULL AUTO_INCREMENT, AUTO_INCREMENT=32;

--
-- AUTO_INCREMENT for table `payroll`
--
ALTER TABLE `payroll`
  MODIFY `Account_no` int(11) NOT NULL AUTO_INCREMENT;

--
-- AUTO_INCREMENT for table `rating`
--
ALTER TABLE `rating`
  MODIFY `Rating_ID` int(11) NOT NULL AUTO_INCREMENT, AUTO_INCREMENT=31;

--
-- AUTO_INCREMENT for table `reports`
--
ALTER TABLE `reports`
  MODIFY `Report_ID` int(11) NOT NULL AUTO_INCREMENT, AUTO_INCREMENT=88;

--
-- AUTO_INCREMENT for table `roles`
--
ALTER TABLE `roles`
  MODIFY `role_id` int(11) NOT NULL AUTO_INCREMENT, AUTO_INCREMENT=4;

--
-- AUTO_INCREMENT for table `room`
--
ALTER TABLE `room`
  MODIFY `Room_ID` int(11) NOT NULL AUTO_INCREMENT, AUTO_INCREMENT=18;

--
-- AUTO_INCREMENT for table `staff`
--
ALTER TABLE `staff`
  MODIFY `Emp_ID` int(11) NOT NULL AUTO_INCREMENT, AUTO_INCREMENT=103;

--
-- AUTO_INCREMENT for table `userrole`
--
ALTER TABLE `userrole`
  MODIFY `UserRole_Id` int(11) NOT NULL AUTO_INCREMENT, AUTO_INCREMENT=16;

--
-- AUTO_INCREMENT for table `users`
--
ALTER TABLE `users`
  MODIFY `user_id` int(11) NOT NULL AUTO_INCREMENT, AUTO_INCREMENT=16;

--
-- AUTO_INCREMENT for table `visits`
--
ALTER TABLE `visits`
  MODIFY `Visit_ID` int(11) NOT NULL AUTO_INCREMENT, AUTO_INCREMENT=59;

--
-- Constraints for dumped tables
--

--
-- Constraints for table `appointment`
--
ALTER TABLE `appointment`
  ADD CONSTRAINT `appointment_ibfk_1` FOREIGN KEY (`Doctor_ID`) REFERENCES `doctor` (`Doctor_ID`) ON DELETE CASCADE,
  ADD CONSTRAINT `appointment_ibfk_2` FOREIGN KEY (`Patient_ID`) REFERENCES `patient` (`Patient_ID`) ON DELETE CASCADE;

--
-- Constraints for table `bill`
--
ALTER TABLE `bill`
  ADD CONSTRAINT `bill_ibfk_1` FOREIGN KEY (`Patient_ID`) REFERENCES `patient` (`Patient_ID`) ON DELETE CASCADE;

--
-- Constraints for table `doctor`
--
ALTER TABLE `doctor`
  ADD CONSTRAINT `doctor_ibfk_1` FOREIGN KEY (`Emp_ID`) REFERENCES `staff` (`Emp_ID`) ON DELETE CASCADE;

--
-- Constraints for table `emergency_contact`
--
ALTER TABLE `emergency_contact`
  ADD CONSTRAINT `emergency_contact_ibfk_1` FOREIGN KEY (`Patient_ID`) REFERENCES `patient` (`Patient_ID`) ON DELETE CASCADE;

--
-- Constraints for table `insurance`
--
ALTER TABLE `insurance`
  ADD CONSTRAINT `insurance_ibfk_1` FOREIGN KEY (`Patient_ID`) REFERENCES `patient` (`Patient_ID`) ON DELETE CASCADE;

--
-- Constraints for table `medical_history`
--
ALTER TABLE `medical_history`
  ADD CONSTRAINT `medical_history_ibfk_1` FOREIGN KEY (`Patient_ID`) REFERENCES `patient` (`Patient_ID`) ON DELETE CASCADE;

--
-- Constraints for table `medicine`
--
ALTER TABLE `medicine`
  ADD CONSTRAINT `medicine_ibfk_1` FOREIGN KEY (`Patient_ID`) REFERENCES `patient` (`Patient_ID`) ON DELETE CASCADE ON UPDATE CASCADE;

--
-- Constraints for table `payroll`
--
ALTER TABLE `payroll`
  ADD CONSTRAINT `payroll_ibfk_1` FOREIGN KEY (`Emp_ID`) REFERENCES `staff` (`Emp_ID`) ON DELETE CASCADE;

--
-- Constraints for table `rating`
--
ALTER TABLE `rating`
  ADD CONSTRAINT `fk_rating_staff` FOREIGN KEY (`Emp_ID`) REFERENCES `staff` (`Emp_ID`) ON DELETE CASCADE,
  ADD CONSTRAINT `rating_ibfk_2` FOREIGN KEY (`Emp_ID`) REFERENCES `staff` (`Emp_ID`) ON DELETE CASCADE;

--
-- Constraints for table `reports`
--
ALTER TABLE `reports`
  ADD CONSTRAINT `reports_ibfk_1` FOREIGN KEY (`Patient_ID`) REFERENCES `patient` (`Patient_ID`) ON DELETE CASCADE ON UPDATE CASCADE;

--
-- Constraints for table `room`
--
ALTER TABLE `room`
  ADD CONSTRAINT `room_ibfk_1` FOREIGN KEY (`Patient_ID`) REFERENCES `patient` (`Patient_ID`) ON DELETE CASCADE;

--
-- Constraints for table `staff`
--
ALTER TABLE `staff`
  ADD CONSTRAINT `staff_ibfk_1` FOREIGN KEY (`Dept_ID`) REFERENCES `department` (`Dept_ID`) ON DELETE CASCADE ON UPDATE CASCADE;

--
-- Constraints for table `userrole`
--
ALTER TABLE `userrole`
  ADD CONSTRAINT `userrole_ibfk_1` FOREIGN KEY (`user_id`) REFERENCES `users` (`user_id`) ON DELETE CASCADE,
  ADD CONSTRAINT `userrole_ibfk_2` FOREIGN KEY (`role_id`) REFERENCES `roles` (`role_id`) ON DELETE CASCADE;

--
-- Constraints for table `visits`
--
ALTER TABLE `visits`
  ADD CONSTRAINT `visits_ibfk_1` FOREIGN KEY (`Patient_ID`) REFERENCES `patient` (`Patient_ID`) ON DELETE CASCADE,
  ADD CONSTRAINT `visits_ibfk_2` FOREIGN KEY (`Doctor_ID`) REFERENCES `doctor` (`Doctor_ID`) ON DELETE CASCADE;
COMMIT;

/*!40101 SET CHARACTER_SET_CLIENT=@OLD_CHARACTER_SET_CLIENT */;
/*!40101 SET CHARACTER_SET_RESULTS=@OLD_CHARACTER_SET_RESULTS */;
/*!40101 SET COLLATION_CONNECTION=@OLD_COLLATION_CONNECTION */;
